date,close
1999-01-04,113.44
1999-01-05,111.08
1999-01-06,111.91
1999-01-07,111.27
1999-01-08,111.58
1999-01-11,109.2
1999-01-12,112.53
1999-01-13,112.3
1999-01-14,113.91
1999-01-15,113.31
1999-01-18,114.45
1999-01-19,113.76
1999-01-20,113.68
1999-01-21,112.63
1999-01-22,114.01
1999-01-25,114.03
1999-01-26,113.81
1999-01-27,114.42
1999-01-28,115.91
1999-01-29,116.04
1999-02-01,115.43
1999-02-02,112.64
1999-02-03,111.9
1999-02-04,113.34
1999-02-05,113.31
1999-02-08,113.66
1999-02-09,114.63
1999-02-10,115.26
1999-02-11,114.35
1999-02-12,114.66
1999-02-15,115.06
1999-02-16,117.95
1999-02-17,118.62
1999-02-18,119.66
1999-02-19,120.01
1999-02-22,121.55
1999-02-23,121.38
1999-02-24,121.28
1999-02-25,120.45
1999-02-26,119.2
1999-03-01,119.36
1999-03-02,120.67
1999-03-03,121.28
1999-03-04,123.25
1999-03-05,122.94
1999-03-08,121.72
1999-03-09,121.93
1999-03-10,120.28
1999-03-11,120.28
1999-03-12,119.65
1999-03-15,117.68
1999-03-16,118.02
1999-03-17,118.71
1999-03-18,117.85
1999-03-19,117.26
1999-03-22,117.82
1999-03-23,118.34
1999-03-24,117.68
1999-03-25,118.05
1999-03-26,119.21
1999-03-29,120.45
1999-03-30,120.31
1999-03-31,118.98
1999-04-01,119.49
1999-04-02,120.54
1999-04-05,121.42
1999-04-06,121.19
1999-04-07,121.41
1999-04-08,120.59
1999-04-09,121.31
1999-04-12,119.88
1999-04-13,120.45
1999-04-14,119.17
1999-04-15,118.68
1999-04-16,118.26
1999-04-19,118.16
1999-04-20,117.87
1999-04-21,119.27
1999-04-22,119.98
1999-04-23,119.66
1999-04-26,118.92
1999-04-27,119.79
1999-04-28,119.12
1999-04-29,118.97
1999-04-30,119.75
1999-05-03,119.87
1999-05-04,121.2
1999-05-05,120.73
1999-05-06,120.94
1999-05-07,120.65
1999-05-10,120.93
1999-05-11,121.11
1999-05-12,121.07
1999-05-13,121.63
1999-05-14,122.5
1999-05-17,123.04
1999-05-18,123.12
1999-05-19,124.51
1999-05-20,124.22
1999-05-21,124.15
1999-05-24,123.63
1999-05-25,122.72
1999-05-26,122.23
1999-05-27,122.27
1999-05-28,120.91
1999-05-31,121.63
1999-06-01,121.09
1999-06-02,121.08
1999-06-03,121.17
1999-06-04,121.62
1999-06-07,120.88
1999-06-08,121.32
1999-06-09,118.94
1999-06-10,118.87
1999-06-11,118.47
1999-06-14,120.17
1999-06-15,120.54
1999-06-16,120.25
1999-06-17,119.89
1999-06-18,119.87
1999-06-21,122.16
1999-06-22,121.79
1999-06-23,122.13
1999-06-24,122.13
1999-06-25,121.42
1999-06-28,121.26
1999-06-29,120.9
1999-06-30,120.86
1999-07-01,120.93
1999-07-02,121.01
1999-07-05,122.34
1999-07-06,122.17
1999-07-07,122.06
1999-07-08,122.49
1999-07-09,122.17
1999-07-12,122.3
1999-07-13,121.6
1999-07-14,120.94
1999-07-15,120.62
1999-07-16,120.71
1999-07-19,119.85
1999-07-20,118.24
1999-07-21,118.72
1999-07-22,118.16
1999-07-23,116.2
1999-07-26,115.72
1999-07-27,116.94
1999-07-28,116.15
1999-07-29,115.34
1999-07-30,115.2
1999-08-02,114.28
1999-08-03,115.26
1999-08-04,114.66
1999-08-05,114.33
1999-08-06,114.65
1999-08-09,115.25
1999-08-10,114.79
1999-08-11,115.22
1999-08-12,115.86
1999-08-13,114.76
1999-08-16,114.92
1999-08-17,114.32
1999-08-18,113.06
1999-08-19,111.27
1999-08-20,111.71
1999-08-23,111.29
1999-08-24,111.7
1999-08-25,110.9
1999-08-26,111.35
1999-08-27,111.66
1999-08-30,111.06
1999-08-31,109.27
1999-09-01,109.3
1999-09-02,108.95
1999-09-03,109.83
1999-09-06,109.78
1999-09-07,111.16
1999-09-08,110.7
1999-09-09,108.91
1999-09-10,109.32
1999-09-13,106.22
1999-09-14,106.4
1999-09-15,104.1
1999-09-16,104.2
1999-09-17,106.43
1999-09-20,107.71
1999-09-21,104.66
1999-09-22,104.18
1999-09-23,103.98
1999-09-24,104.43
1999-09-27,105.31
1999-09-28,106.18
1999-09-29,106.84
1999-09-30,105.64
1999-10-01,105.56
1999-10-04,105.98
1999-10-05,106.66
1999-10-06,107.65
1999-10-07,107.63
1999-10-08,107.49
1999-10-11,106.69
1999-10-12,106.35
1999-10-13,107.85
1999-10-14,106.85
1999-10-15,105.94
1999-10-18,105.11
1999-10-19,105.66
1999-10-20,106.19
1999-10-21,106.07
1999-10-22,105.64
1999-10-25,105.46
1999-10-26,104.7
1999-10-27,104.01
1999-10-28,104.22
1999-10-29,104.84
1999-11-01,104.27
1999-11-02,104.81
1999-11-03,104.06
1999-11-04,104.72
1999-11-05,105.49
1999-11-08,106.06
1999-11-09,104.92
1999-11-10,105.1
1999-11-11,105.04
1999-11-12,104.99
1999-11-15,104.83
1999-11-16,105.86
1999-11-17,105.28
1999-11-18,105.62
1999-11-19,106.14
1999-11-22,105.08
1999-11-23,104.68
1999-11-24,104.38
1999-11-25,104.23
1999-11-26,103.81
1999-11-29,102.03
1999-11-30,102.01
1999-12-01,102.42
1999-12-02,102.45
1999-12-03,102.42
1999-12-06,102.75
1999-12-07,102.6
1999-12-08,102.89
1999-12-09,102.6
1999-12-10,102.37
1999-12-13,102.64
1999-12-14,103.67
1999-12-15,103.48
1999-12-16,102.97
1999-12-17,103.36
1999-12-20,102.85
1999-12-21,102.21
1999-12-22,101.73
1999-12-23,101.62
1999-12-24,102.83
1999-12-27,102.38
1999-12-28,102.22
1999-12-29,102.28
1999-12-30,102.26
2000-01-03,101.83
2000-01-04,102.75
2000-01-05,103.53
2000-01-06,104.66
2000-01-07,105.11
2000-01-10,104.86
2000-01-11,106.13
2000-01-12,105.84
2000-01-13,105.97
2000-01-14,105.67
2000-01-17,104.82
2000-01-18,105.44
2000-01-19,105.88
2000-01-20,105.5
2000-01-21,104.52
2000-01-24,105.26
2000-01-25,105.61
2000-01-26,105.84
2000-01-27,105.68
2000-01-28,105.34
2000-01-31,106.85
2000-02-01,107.74
2000-02-02,108.58
2000-02-03,108.51
2000-02-04,107.77
2000-02-07,108.55
2000-02-08,108.97
2000-02-09,108.88
2000-02-10,108.54
2000-02-11,109.6
2000-02-14,108.29
2000-02-15,108.88
2000-02-16,109.11
2000-02-17,110.19
2000-02-18,110.86
2000-02-21,111.32
2000-02-22,110.87
2000-02-23,111.12
2000-02-24,110.68
2000-02-25,110.86
2000-02-28,109.16
2000-02-29,109.95
2000-03-01,108.25
2000-03-02,107.33
2000-03-03,107.85
2000-03-06,107.33
2000-03-07,107.37
2000-03-08,107.14
2000-03-09,106.53
2000-03-10,106.39
2000-03-13,105.22
2000-03-14,104.92
2000-03-15,105.46
2000-03-16,105.28
2000-03-17,105.78
2000-03-20,106.75
2000-03-21,106.65
2000-03-22,107.13
2000-03-23,107.58
2000-03-24,107.14
2000-03-27,106.85
2000-03-28,106.34
2000-03-29,105.32
2000-03-30,105.02
2000-03-31,103.14
2000-04-03,104.84
2000-04-04,105.62
2000-04-05,105.15
2000-04-06,104.98
2000-04-07,105.3
2000-04-10,106.28
2000-04-11,106.95
2000-04-12,105.59
2000-04-13,106.0
2000-04-14,105.72
2000-04-17,103.83
2000-04-18,104.21
2000-04-19,104.42
2000-04-20,104.92
2000-04-25,105.51
2000-04-26,106.44
2000-04-27,106.48
2000-04-28,107.3
2000-05-02,108.76
2000-05-03,109.35
2000-05-04,108.81
2000-05-05,108.2
2000-05-08,108.55
2000-05-09,109.43
2000-05-10,108.85
2000-05-11,108.53
2000-05-12,108.55
2000-05-15,109.4
2000-05-16,109.09
2000-05-17,109.82
2000-05-18,109.15
2000-05-19,107.82
2000-05-22,107.3
2000-05-23,106.79
2000-05-24,107.25
2000-05-25,107.79
2000-05-26,107.43
2000-05-29,107.23
2000-05-30,106.64
2000-05-31,107.38
2000-06-01,108.69
2000-06-02,108.63
2000-06-05,107.61
2000-06-06,106.74
2000-06-07,105.71
2000-06-08,105.63
2000-06-09,106.87
2000-06-12,106.59
2000-06-13,106.49
2000-06-14,106.39
2000-06-15,105.96
2000-06-16,106.27
2000-06-19,105.66
2000-06-20,105.49
2000-06-21,105.34
2000-06-22,105.37
2000-06-23,104.24
2000-06-26,105.48
2000-06-27,105.48
2000-06-28,105.75
2000-06-29,104.76
2000-06-30,105.24
2000-07-03,105.95
2000-07-04,106.23
2000-07-05,106.67
2000-07-06,107.36
2000-07-07,107.41
2000-07-10,106.92
2000-07-11,106.82
2000-07-12,107.69
2000-07-13,107.09
2000-07-14,107.9
2000-07-17,108.69
2000-07-18,107.91
2000-07-19,108.07
2000-07-20,108.18
2000-07-21,108.44
2000-07-24,108.92
2000-07-25,109.22
2000-07-26,109.08
2000-07-27,108.91
2000-07-28,109.2
2000-07-31,109.32
2000-08-01,109.63
2000-08-02,109.17
2000-08-03,108.39
2000-08-04,108.54
2000-08-07,108.82
2000-08-08,108.54
2000-08-09,107.89
2000-08-10,108.44
2000-08-11,108.75
2000-08-14,109.4
2000-08-15,109.43
2000-08-16,108.52
2000-08-17,108.45
2000-08-18,108.93
2000-08-21,108.2
2000-08-22,108.42
2000-08-23,107.31
2000-08-24,107.23
2000-08-25,107.09
2000-08-28,106.45
2000-08-29,106.46
2000-08-30,106.41
2000-08-31,106.41
2000-09-01,106.46
2000-09-04,105.69
2000-09-05,105.99
2000-09-06,105.77
2000-09-07,105.13
2000-09-08,105.61
2000-09-11,106.11
2000-09-12,106.28
2000-09-13,107.27
2000-09-14,107.16
2000-09-15,107.53
2000-09-18,106.85
2000-09-19,106.91
2000-09-20,106.54
2000-09-21,106.43
2000-09-22,107.71
2000-09-25,107.61
2000-09-26,107.29
2000-09-27,107.76
2000-09-28,107.54
2000-09-29,108.32
2000-10-02,108.49
2000-10-03,108.57
2000-10-04,109.18
2000-10-05,109.21
2000-10-06,108.95
2000-10-09,108.97
2000-10-10,108.02
2000-10-11,107.99
2000-10-12,107.54
2000-10-13,107.8
2000-10-16,108.2
2000-10-17,107.97
2000-10-18,108.23
2000-10-19,108.11
2000-10-20,108.92
2000-10-23,108.63
2000-10-24,108.23
2000-10-25,108.1
2000-10-26,108.22
2000-10-27,108.76
2000-10-30,108.71
2000-10-31,109.16
2000-11-01,108.52
2000-11-02,108.29
2000-11-03,107.25
2000-11-06,107.14
2000-11-07,107.29
2000-11-08,107.75
2000-11-09,107.31
2000-11-10,107.71
2000-11-13,107.68
2000-11-14,107.89
2000-11-15,108.45
2000-11-16,108.87
2000-11-17,108.9
2000-11-20,109.21
2000-11-21,110.08
2000-11-22,109.69
2000-11-23,110.24
2000-11-24,111.17
2000-11-27,111.16
2000-11-28,110.43
2000-11-29,109.84
2000-11-30,111.05
2000-12-01,111.91
2000-12-04,110.69
2000-12-05,110.69
2000-12-06,110.74
2000-12-07,110.59
2000-12-08,111.02
2000-12-11,110.78
2000-12-12,111.47
2000-12-13,112.48
2000-12-14,112.63
2000-12-15,112.34
2000-12-18,112.13
2000-12-19,112.28
2000-12-20,112.65
2000-12-21,111.93
2000-12-22,112.32
2000-12-27,113.94
2000-12-28,114.59
2000-12-29,114.91
2001-01-02,114.89
2001-01-03,114.25
2001-01-04,114.45
2001-01-05,116.52
2001-01-08,116.41
2001-01-09,115.71
2001-01-10,116.16
2001-01-11,117.35
2001-01-12,117.71
2001-01-15,118.71
2001-01-16,118.22
2001-01-17,117.71
2001-01-18,118.33
2001-01-19,117.72
2001-01-22,116.56
2001-01-23,117.17
2001-01-24,118.13
2001-01-25,117.16
2001-01-26,116.7
2001-01-29,116.56
2001-01-30,116.76
2001-01-31,116.08
2001-02-01,115.56
2001-02-02,115.27
2001-02-05,115.42
2001-02-06,114.84
2001-02-07,116.2
2001-02-08,116.02
2001-02-09,117.37
2001-02-12,117.59
2001-02-13,117.08
2001-02-14,116.16
2001-02-15,116.07
2001-02-16,115.09
2001-02-19,115.83
2001-02-20,115.61
2001-02-21,116.65
2001-02-22,116.31
2001-02-23,116.62
2001-02-26,116.5
2001-02-27,116.13
2001-02-28,117.27
2001-03-01,117.29
2001-03-02,119.14
2001-03-05,119.44
2001-03-06,118.43
2001-03-07,119.67
2001-03-08,119.61
2001-03-09,119.39
2001-03-12,120.19
2001-03-13,119.83
2001-03-14,119.86
2001-03-15,121.94
2001-03-16,122.78
2001-03-19,122.09
2001-03-20,122.66
2001-03-21,123.75
2001-03-22,124.03
2001-03-23,122.94
2001-03-26,123.2
2001-03-27,123.06
2001-03-28,121.68
2001-03-29,123.26
2001-03-30,125.38
2001-04-02,126.35
2001-04-03,125.9
2001-04-04,125.69
2001-04-05,124.21
2001-04-06,124.59
2001-04-09,125.08
2001-04-10,124.47
2001-04-11,124.21
2001-04-12,123.18
2001-04-17,123.71
2001-04-18,122.83
2001-04-19,121.77
2001-04-20,122.57
2001-04-23,121.87
2001-04-24,121.63
2001-04-25,122.44
2001-04-26,122.45
2001-04-27,124.14
2001-04-30,123.56
2001-05-02,122.16
2001-05-03,121.58
2001-05-04,121.03
2001-05-07,121.31
2001-05-08,122.05
2001-05-09,121.79
2001-05-10,122.23
2001-05-11,122.36
2001-05-14,123.06
2001-05-15,123.57
2001-05-16,123.68
2001-05-17,123.18
2001-05-18,123.45
2001-05-21,123.13
2001-05-22,123.15
2001-05-23,121.15
2001-05-24,119.89
2001-05-25,120.52
2001-05-28,121.13
2001-05-29,120.3
2001-05-30,120.09
2001-05-31,119.1
2001-06-01,118.68
2001-06-04,119.7
2001-06-05,119.83
2001-06-06,120.72
2001-06-07,120.13
2001-06-08,120.62
2001-06-11,121.72
2001-06-12,121.74
2001-06-13,122.08
2001-06-14,121.9
2001-06-15,120.92
2001-06-18,123.19
2001-06-19,123.12
2001-06-20,123.34
2001-06-21,124.09
2001-06-22,124.27
2001-06-25,123.98
2001-06-26,123.92
2001-06-27,124.16
2001-06-28,124.72
2001-06-29,124.26
2001-07-02,124.38
2001-07-03,124.08
2001-07-04,124.41
2001-07-05,125.55
2001-07-06,126.01
2001-07-09,125.53
2001-07-10,125.55
2001-07-11,124.5
2001-07-12,124.34
2001-07-13,124.28
2001-07-16,125.19
2001-07-17,125.23
2001-07-18,124.91
2001-07-19,123.47
2001-07-20,123.47
2001-07-23,124.04
2001-07-24,124.1
2001-07-25,123.85
2001-07-26,123.89
2001-07-27,123.92
2001-07-30,125.07
2001-07-31,124.84
2001-08-01,124.59
2001-08-02,124.06
2001-08-03,123.84
2001-08-06,123.88
2001-08-07,124.02
2001-08-08,123.18
2001-08-09,123.3
2001-08-10,122.33
2001-08-13,121.6
2001-08-14,122.7
2001-08-15,120.28
2001-08-16,119.93
2001-08-17,120.75
2001-08-20,120.43
2001-08-21,119.85
2001-08-22,119.78
2001-08-23,120.34
2001-08-24,120.29
2001-08-27,120.11
2001-08-28,120.27
2001-08-29,119.43
2001-08-30,119.79
2001-08-31,118.64
2001-09-03,118.96
2001-09-04,119.4
2001-09-05,120.27
2001-09-06,121.24
2001-09-07,121.0
2001-09-10,120.54
2001-09-11,121.93
2001-09-12,119.48
2001-09-13,119.07
2001-09-14,117.51
2001-09-17,117.18
2001-09-18,117.22
2001-09-19,117.56
2001-09-20,116.81
2001-09-21,116.5
2001-09-24,117.27
2001-09-25,117.19
2001-09-26,117.82
2001-09-27,119.23
2001-09-28,119.4
2001-10-01,119.67
2001-10-02,120.5
2001-10-03,121.12
2001-10-04,120.6
2001-10-05,120.24
2001-10-08,119.76
2001-10-09,120.32
2001-10-10,120.0
2001-10-11,120.89
2001-10-12,121.29
2001-10-15,120.7
2001-10-16,121.58
2001-10-17,121.65
2001-10-18,121.02
2001-10-19,121.1
2001-10-22,121.73
2001-10-23,122.68
2001-10-24,122.78
2001-10-25,123.25
2001-10-26,122.6
2001-10-29,122.09
2001-10-30,121.82
2001-10-31,122.06
2001-11-01,121.71
2001-11-02,121.52
2001-11-05,121.97
2001-11-06,121.04
2001-11-07,120.9
2001-11-08,120.65
2001-11-09,120.35
2001-11-12,120.71
2001-11-13,121.17
2001-11-14,121.78
2001-11-15,122.28
2001-11-16,122.62
2001-11-19,123.37
2001-11-20,122.93
2001-11-21,122.88
2001-11-22,123.79
2001-11-23,124.05
2001-11-26,123.99
2001-11-27,124.02
2001-11-28,123.36
2001-11-29,122.91
2001-11-30,123.69
2001-12-03,123.48
2001-12-04,124.13
2001-12-05,124.27
2001-12-06,124.56
2001-12-07,125.13
2001-12-10,126.35
2001-12-11,126.07
2001-12-12,125.98
2001-12-13,126.23
2001-12-14,127.61
2001-12-17,127.84
2001-12-18,127.9
2001-12-19,127.66
2001-12-20,128.22
2001-12-21,129.58
2001-12-24,129.84
2001-12-27,131.36
2001-12-28,130.86
2002-01-02,132.25
2002-01-03,131.72
2002-01-04,130.87
2002-01-07,131.07
2002-01-08,132.7
2002-01-09,132.33
2002-01-10,132.41
2002-01-11,132.1
2002-01-14,131.78
2002-01-15,131.1
2002-01-16,131.37
2002-01-17,132.07
2002-01-18,132.89
2002-01-21,132.62
2002-01-22,134.24
2002-01-23,134.06
2002-01-24,134.54
2002-01-25,134.31
2002-01-28,133.96
2002-01-29,133.28
2002-01-30,132.71
2002-01-31,132.84
2002-02-01,133.99
2002-02-04,133.29
2002-02-05,133.23
2002-02-06,133.37
2002-02-07,133.59
2002-02-08,134.39
2002-02-11,133.91
2002-02-12,133.61
2002-02-13,132.46
2002-02-14,132.19
2002-02-15,132.81
2002-02-18,132.74
2002-02-19,133.8
2002-02-20,133.71
2002-02-21,134.23
2002-02-22,133.84
2002-02-25,133.72
2002-02-26,134.05
2002-02-27,134.81
2002-02-28,134.17
2002-03-01,133.3
2002-03-04,132.27
2002-03-05,131.84
2002-03-06,131.84
2002-03-07,128.89
2002-03-08,127.88
2002-03-11,128.73
2002-03-12,128.71
2002-03-13,129.4
2002-03-14,128.65
2002-03-15,128.91
2002-03-18,131.15
2002-03-19,131.35
2002-03-20,131.29
2002-03-21,132.2
2002-03-22,132.76
2002-03-25,133.19
2002-03-26,133.13
2002-03-27,132.54
2002-03-28,132.4
2002-04-02,133.39
2002-04-03,132.76
2002-04-04,132.32
2002-04-05,132.01
2002-04-08,131.7
2002-04-09,131.56
2002-04-10,130.42
2002-04-11,131.68
2002-04-12,132.09
2002-04-15,131.55
2002-04-16,131.47
2002-04-17,130.6
2002-04-18,130.51
2002-04-19,130.45
2002-04-22,129.88
2002-04-23,130.09
2002-04-24,129.81
2002-04-25,128.52
2002-04-26,128.44
2002-04-29,128.0
2002-04-30,128.4
2002-05-02,127.89
2002-05-03,127.22
2002-05-06,127.23
2002-05-07,128.19
2002-05-08,128.59
2002-05-09,128.68
2002-05-10,127.88
2002-05-13,127.68
2002-05-14,128.19
2002-05-15,128.27
2002-05-16,127.47
2002-05-17,126.37
2002-05-20,125.61
2002-05-21,124.85
2002-05-22,124.35
2002-05-23,125.13
2002-05-24,125.1
2002-05-27,124.95
2002-05-28,124.59
2002-05-29,124.32
2002-05-30,123.48
2002-05-31,123.99
2002-06-03,124.2
2002-06-04,123.41
2002-06-05,124.37
2002-06-06,124.79
2002-06-07,124.38
2002-06-10,124.67
2002-06-11,125.45
2002-06-12,125.61
2002-06-13,125.56
2002-06-14,124.24
2002-06-17,124.23
2002-06-18,124.56
2002-06-19,123.81
2002-06-20,123.73
2002-06-21,122.37
2002-06-24,121.28
2002-06-25,121.71
2002-06-26,119.53
2002-06-27,120.19
2002-06-28,118.5
2002-07-01,119.76
2002-07-02,120.46
2002-07-03,120.08
2002-07-04,119.98
2002-07-05,120.29
2002-07-08,118.84
2002-07-09,118.15
2002-07-10,117.9
2002-07-11,117.35
2002-07-12,117.11
2002-07-15,115.94
2002-07-16,115.71
2002-07-17,116.64
2002-07-18,117.02
2002-07-19,116.05
2002-07-22,116.33
2002-07-23,117.43
2002-07-24,116.71
2002-07-25,116.64
2002-07-26,117.46
2002-07-29,119.56
2002-07-30,119.61
2002-07-31,120.02
2002-08-01,119.82
2002-08-02,119.13
2002-08-05,119.05
2002-08-06,120.88
2002-08-07,120.53
2002-08-08,120.7
2002-08-09,120.43
2002-08-12,119.15
2002-08-13,118.93
2002-08-14,116.57
2002-08-15,117.44
2002-08-16,117.42
2002-08-19,118.53
2002-08-20,118.77
2002-08-21,118.63
2002-08-22,118.98
2002-08-23,119.93
2002-08-26,119.71
2002-08-27,118.13
2002-08-28,118.07
2002-08-29,117.89
2002-08-30,118.33
2002-09-02,118.2
2002-09-03,117.29
2002-09-04,117.67
2002-09-05,117.63
2002-09-06,118.29
2002-09-09,119.25
2002-09-10,119.3
2002-09-11,119.94
2002-09-12,120.09
2002-09-13,120.22
2002-09-16,122.17
2002-09-17,122.96
2002-09-18,121.85
2002-09-19,121.1
2002-09-20,123.25
2002-09-23,123.12
2002-09-24,123.14
2002-09-25,122.8
2002-09-26,122.72
2002-09-27,122.52
2002-09-30,121.37
2002-10-01,122.37
2002-10-02,122.97
2002-10-03,122.82
2002-10-04,122.77
2002-10-07,124.23
2002-10-08,124.21
2002-10-09,124.2
2002-10-10,123.63
2002-10-11,124.31
2002-10-14,124.15
2002-10-15,124.93
2002-10-16,124.06
2002-10-17,124.29
2002-10-18,125.15
2002-10-21,124.67
2002-10-22,125.23
2002-10-23,123.96
2002-10-24,124.34
2002-10-25,124.15
2002-10-28,124.71
2002-10-29,123.43
2002-10-30,122.8
2002-10-31,122.71
2002-11-01,121.9
2002-11-04,122.54
2002-11-05,121.66
2002-11-06,122.39
2002-11-07,121.82
2002-11-08,120.66
2002-11-11,119.4
2002-11-12,119.64
2002-11-13,119.98
2002-11-14,119.71
2002-11-15,120.7
2002-11-18,121.19
2002-11-19,121.23
2002-11-20,122.44
2002-11-21,122.33
2002-11-22,122.59
2002-11-25,123.01
2002-11-26,122.02
2002-11-27,121.46
2002-11-28,122.18
2002-11-29,122.45
2002-12-02,124.75
2002-12-03,124.49
2002-12-04,124.53
2002-12-05,125.29
2002-12-06,124.95
2002-12-09,122.51
2002-12-10,123.29
2002-12-11,123.35
2002-12-12,122.64
2002-12-13,121.77
2002-12-16,121.07
2002-12-17,120.69
2002-12-18,121.44
2002-12-19,120.58
2002-12-20,120.71
2002-12-23,119.97
2002-12-24,120.22
2002-12-27,119.94
2002-12-30,119.24
2002-12-31,118.61
2003-01-02,119.09
2003-01-03,119.86
2003-01-06,118.61
2003-01-07,119.73
2003-01-08,120.36
2003-01-09,119.12
2003-01-10,119.7
2003-01-13,119.2
2003-01-14,118.22
2003-01-15,118.25
2003-01-16,118.08
2003-01-17,117.67
2003-01-20,118.24
2003-01-21,118.75
2003-01-22,118.04
2003-01-23,118.05
2003-01-24,118.14
2003-01-27,117.68
2003-01-28,118.5
2003-01-29,118.23
2003-01-30,119.31
2003-01-31,119.42
2003-02-03,120.49
2003-02-04,120.08
2003-02-05,119.43
2003-02-06,119.87
2003-02-07,120.02
2003-02-10,120.49
2003-02-11,121.46
2003-02-12,121.11
2003-02-13,121.19
2003-02-14,120.49
2003-02-17,120.22
2003-02-18,118.84
2003-02-19,119.03
2003-02-20,118.78
2003-02-21,118.75
2003-02-24,117.85
2003-02-25,117.15
2003-02-26,117.37
2003-02-27,116.85
2003-02-28,118.09
2003-03-03,117.98
2003-03-04,117.57
2003-03-05,117.43
2003-03-06,117.42
2003-03-07,116.57
2003-03-10,116.56
2003-03-11,116.73
2003-03-12,117.17
2003-03-13,118.37
2003-03-14,118.52
2003-03-17,117.73
2003-03-18,119.08
2003-03-19,119.28
2003-03-20,120.35
2003-03-21,120.9
2003-03-24,120.63
2003-03-25,119.93
2003-03-26,120.17
2003-03-27,119.73
2003-03-28,120.12
2003-03-31,118.57
2003-04-01,118.26
2003-04-02,118.86
2003-04-03,119.46
2003-04-04,120.06
2003-04-07,120.79
2003-04-08,119.98
2003-04-09,119.96
2003-04-10,119.56
2003-04-11,120.29
2003-04-14,120.78
2003-04-15,120.35
2003-04-16,120.33
2003-04-17,119.31
2003-04-22,119.74
2003-04-23,120.28
2003-04-24,119.94
2003-04-25,120.96
2003-04-28,120.22
2003-04-29,120.4
2003-04-30,119.47
2003-05-02,118.69
2003-05-05,118.97
2003-05-06,118.05
2003-05-07,116.93
2003-05-08,116.12
2003-05-09,117.53
2003-05-12,116.45
2003-05-13,116.7
2003-05-14,116.75
2003-05-15,115.95
2003-05-16,116.19
2003-05-19,116.66
2003-05-20,117.11
2003-05-21,117.16
2003-05-22,116.98
2003-05-23,116.94
2003-05-26,117.27
2003-05-27,116.74
2003-05-28,118.3
2003-05-29,118.69
2003-05-30,118.69
2003-06-02,118.79
2003-06-03,118.95
2003-06-04,118.55
2003-06-05,118.28
2003-06-06,117.9
2003-06-09,118.22
2003-06-10,118.15
2003-06-11,117.81
2003-06-12,117.73
2003-06-13,117.81
2003-06-16,117.62
2003-06-17,118.11
2003-06-18,118.55
2003-06-19,118.85
2003-06-20,118.35
2003-06-23,118.03
2003-06-24,117.88
2003-06-25,117.46
2003-06-26,118.77
2003-06-27,119.83
2003-06-30,120.17
2003-07-01,119.73
2003-07-02,119.08
2003-07-03,118.47
2003-07-04,118.09
2003-07-07,118.06
2003-07-08,118.12
2003-07-09,118.1
2003-07-10,117.71
2003-07-11,117.76
2003-07-14,117.65
2003-07-15,117.33
2003-07-16,118.45
2003-07-17,118.68
2003-07-18,119.13
2003-07-21,118.61
2003-07-22,119.17
2003-07-23,119.0
2003-07-24,119.04
2003-07-25,118.9
2003-07-28,119.44
2003-07-29,119.75
2003-07-30,119.94
2003-07-31,119.92
2003-08-01,120.54
2003-08-04,120.53
2003-08-05,120.44
2003-08-06,120.22
2003-08-07,119.89
2003-08-08,119.04
2003-08-11,118.51
2003-08-12,118.49
2003-08-13,119.05
2003-08-14,119.57
2003-08-15,119.14
2003-08-18,119.71
2003-08-19,119.58
2003-08-20,118.34
2003-08-21,117.87
2003-08-22,117.84
2003-08-25,117.42
2003-08-26,117.47
2003-08-27,117.92
2003-08-28,117.39
2003-08-29,116.46
2003-09-01,116.35
2003-09-02,117.01
2003-09-03,116.29
2003-09-04,116.83
2003-09-05,116.85
2003-09-08,116.89
2003-09-09,116.36
2003-09-10,116.82
2003-09-11,117.08
2003-09-12,117.07
2003-09-15,117.49
2003-09-16,116.28
2003-09-17,116.46
2003-09-18,115.28
2003-09-19,114.85
2003-09-22,111.93
2003-09-23,111.59
2003-09-24,111.47
2003-09-25,111.68
2003-09-26,112.1
2003-09-29,111.59
2003-09-30,110.54
2003-10-01,111.08
2003-10-02,110.91
2003-10-03,110.64
2003-10-06,111.11
2003-10-07,110.4
2003-10-08,109.8
2003-10-09,109.12
2003-10-10,108.46
2003-10-13,108.5
2003-10-14,109.84
2003-10-15,109.44
2003-10-16,109.73
2003-10-17,109.85
2003-10-20,110.25
2003-10-21,110.19
2003-10-22,109.58
2003-10-23,109.72
2003-10-24,109.52
2003-10-27,108.42
2003-10-28,108.53
2003-10-29,108.02
2003-10-30,108.19
2003-10-31,109.03
2003-11-03,110.2
2003-11-04,110.28
2003-11-05,109.56
2003-11-06,109.97
2003-11-07,110.14
2003-11-10,108.68
2003-11-11,108.75
2003-11-12,108.98
2003-11-13,108.47
2003-11-14,108.3
2003-11-17,108.93
2003-11-18,108.82
2003-11-19,109.0
2003-11-20,108.88
2003-11-21,108.72
2003-11-24,109.05
2003-11-25,109.99
2003-11-26,109.63
2003-11-27,109.22
2003-11-28,109.42
2003-12-01,109.34
2003-12-02,109.28
2003-12-03,108.45
2003-12-04,108.22
2003-12-05,108.21
2003-12-08,107.55
2003-12-09,107.24
2003-12-10,108.12
2003-12-11,108.21
2003-12-12,107.83
2003-12-15,108.0
2003-12-16,107.58
2003-12-17,107.61
2003-12-18,107.54
2003-12-19,107.61
2003-12-22,107.39
2003-12-23,107.48
2003-12-24,107.29
2003-12-29,106.95
2003-12-30,107.01
2003-12-31,106.93
2004-01-02,106.99
2004-01-05,106.29
2004-01-06,106.19
2004-01-07,106.18
2004-01-08,106.15
2004-01-09,106.92
2004-01-12,106.46
2004-01-13,106.39
2004-01-14,106.13
2004-01-15,106.13
2004-01-16,106.04
2004-01-19,107.03
2004-01-20,107.24
2004-01-21,106.97
2004-01-22,106.43
2004-01-23,105.96
2004-01-26,106.11
2004-01-27,105.86
2004-01-28,105.91
2004-01-29,105.98
2004-01-30,105.83
2004-02-02,105.59
2004-02-03,105.54
2004-02-04,105.43
2004-02-05,105.48
2004-02-06,106.58
2004-02-09,105.74
2004-02-10,105.38
2004-02-11,105.55
2004-02-12,105.48
2004-02-13,105.37
2004-02-16,105.48
2004-02-17,105.58
2004-02-18,105.78
2004-02-19,106.77
2004-02-20,107.8
2004-02-23,108.24
2004-02-24,108.36
2004-02-25,108.67
2004-02-26,109.61
2004-02-27,109.22
2004-03-01,109.16
2004-03-02,109.64
2004-03-03,110.2
2004-03-04,110.67
2004-03-05,111.14
2004-03-08,112.17
2004-03-09,111.4
2004-03-10,110.87
2004-03-11,110.62
2004-03-12,111.28
2004-03-15,110.78
2004-03-16,109.31
2004-03-17,108.36
2004-03-18,107.02
2004-03-19,106.93
2004-03-22,106.99
2004-03-23,106.85
2004-03-24,106.4
2004-03-25,106.1
2004-03-26,105.64
2004-03-29,105.74
2004-03-30,105.84
2004-03-31,103.87
2004-04-01,103.75
2004-04-02,104.21
2004-04-05,104.78
2004-04-06,106.07
2004-04-07,105.73
2004-04-08,106.13
2004-04-13,105.99
2004-04-14,107.72
2004-04-15,108.62
2004-04-16,108.52
2004-04-19,107.87
2004-04-20,107.84
2004-04-21,109.66
2004-04-22,109.56
2004-04-23,109.0
2004-04-26,108.79
2004-04-27,109.76
2004-04-28,109.32
2004-04-29,110.65
2004-04-30,110.38
2004-05-03,110.02
2004-05-04,109.88
2004-05-05,108.8
2004-05-06,109.48
2004-05-07,110.61
2004-05-10,113.51
2004-05-11,113.79
2004-05-12,113.17
2004-05-13,114.3
2004-05-14,114.83
2004-05-17,113.68
2004-05-18,113.85
2004-05-19,112.85
2004-05-20,113.13
2004-05-21,112.03
2004-05-24,112.48
2004-05-25,112.78
2004-05-26,111.57
2004-05-27,111.46
2004-05-28,110.87
2004-05-31,109.23
2004-06-01,109.59
2004-06-02,110.49
2004-06-03,111.39
2004-06-04,111.27
2004-06-07,109.88
2004-06-08,109.87
2004-06-09,109.05
2004-06-10,109.39
2004-06-11,110.1
2004-06-14,111.2
2004-06-15,111.2
2004-06-16,109.99
2004-06-17,109.42
2004-06-18,109.13
2004-06-21,108.31
2004-06-22,108.49
2004-06-23,108.88
2004-06-24,107.51
2004-06-25,107.79
2004-06-28,107.79
2004-06-29,108.33
2004-06-30,108.93
2004-07-01,108.19
2004-07-02,109.19
2004-07-05,109.03
2004-07-06,109.17
2004-07-07,108.41
2004-07-08,108.99
2004-07-09,108.5
2004-07-12,108.19
2004-07-13,108.28
2004-07-14,108.88
2004-07-15,109.08
2004-07-16,109.58
2004-07-19,108.17
2004-07-20,108.45
2004-07-21,109.04
2004-07-22,109.44
2004-07-23,109.97
2004-07-26,109.53
2004-07-27,109.81
2004-07-28,111.48
2004-07-29,112.26
2004-07-30,111.46
2004-08-02,111.23
2004-08-03,110.82
2004-08-04,111.59
2004-08-05,111.39
2004-08-06,111.59
2004-08-09,110.86
2004-08-10,110.82
2004-08-11,111.04
2004-08-12,110.85
2004-08-13,111.71
2004-08-16,110.77
2004-08-17,110.59
2004-08-18,109.93
2004-08-19,109.52
2004-08-20,109.62
2004-08-23,109.54
2004-08-24,109.58
2004-08-25,110.25
2004-08-26,109.95
2004-08-27,109.52
2004-08-30,109.88
2004-08-31,109.86
2004-09-01,109.38
2004-09-02,109.31
2004-09-03,109.21
2004-09-06,110.08
2004-09-07,109.73
2004-09-08,109.65
2004-09-09,109.68
2004-09-10,110.16
2004-09-13,110.26
2004-09-14,109.88
2004-09-15,109.65
2004-09-16,109.59
2004-09-17,110.0
2004-09-20,109.8
2004-09-21,109.62
2004-09-22,110.55
2004-09-23,110.71
2004-09-24,110.63
2004-09-27,111.23
2004-09-28,111.39
2004-09-29,110.87
2004-09-30,110.54
2004-10-01,110.25
2004-10-04,110.96
2004-10-05,110.95
2004-10-06,111.1
2004-10-07,111.24
2004-10-08,110.48
2004-10-11,109.2
2004-10-12,109.83
2004-10-13,109.98
2004-10-14,109.4
2004-10-15,109.28
2004-10-18,109.44
2004-10-19,108.57
2004-10-20,108.36
2004-10-21,107.67
2004-10-22,107.6
2004-10-25,106.55
2004-10-26,106.78
2004-10-27,106.61
2004-10-28,106.36
2004-10-29,106.09
2004-11-01,106.31
2004-11-02,106.39
2004-11-03,106.52
2004-11-04,106.14
2004-11-05,106.18
2004-11-08,105.72
2004-11-09,105.78
2004-11-10,105.91
2004-11-11,106.79
2004-11-12,105.97
2004-11-15,105.35
2004-11-16,105.34
2004-11-17,104.38
2004-11-18,104.07
2004-11-19,103.66
2004-11-22,103.18
2004-11-23,102.99
2004-11-24,102.89
2004-11-25,102.74
2004-11-26,103.03
2004-11-29,102.85
2004-11-30,102.7
2004-12-01,102.93
2004-12-02,102.73
2004-12-03,103.05
2004-12-06,102.32
2004-12-07,102.78
2004-12-08,104.23
2004-12-09,104.6
2004-12-10,105.82
2004-12-13,104.77
2004-12-14,104.9
2004-12-15,104.24
2004-12-16,103.67
2004-12-17,104.32
2004-12-20,104.23
2004-12-21,104.41
2004-12-22,103.99
2004-12-23,103.95
2004-12-24,103.57
2004-12-27,103.75
2004-12-28,103.05
2004-12-29,103.44
2004-12-30,103.67
2004-12-31,102.53
2005-01-03,102.79
2005-01-04,103.62
2005-01-05,104.42
2005-01-06,104.91
2005-01-07,104.59
2005-01-10,104.43
2005-01-11,104.01
2005-01-12,103.11
2005-01-13,102.56
2005-01-14,102.6
2005-01-17,102.04
2005-01-18,102.66
2005-01-19,102.41
2005-01-20,102.98
2005-01-21,103.83
2005-01-24,102.82
2005-01-25,103.53
2005-01-26,103.4
2005-01-27,103.47
2005-01-28,103.33
2005-01-31,103.54
2005-02-01,103.75
2005-02-02,103.59
2005-02-03,104.25
2005-02-04,103.96
2005-02-07,104.31
2005-02-08,105.65
2005-02-09,105.67
2005-02-10,106.41
2005-02-11,105.88
2005-02-14,105.04
2005-02-15,104.81
2005-02-16,105.06
2005-02-17,105.67
2005-02-18,105.55
2005-02-21,105.52
2005-02-22,104.16
2005-02-23,104.86
2005-02-24,104.88
2005-02-25,105.39
2005-02-28,104.13
2005-03-01,104.34
2005-03-02,104.9
2005-03-03,104.86
2005-03-04,105.47
2005-03-07,105.24
2005-03-08,104.89
2005-03-09,104.29
2005-03-10,104.12
2005-03-11,104.11
2005-03-14,104.79
2005-03-15,104.42
2005-03-16,104.19
2005-03-17,104.44
2005-03-18,104.89
2005-03-21,105.38
2005-03-22,105.09
2005-03-23,105.52
2005-03-24,106.38
2005-03-29,107.23
2005-03-30,107.49
2005-03-31,106.79
2005-04-01,107.32
2005-04-04,108.03
2005-04-05,108.63
2005-04-06,108.67
2005-04-07,108.21
2005-04-08,108.79
2005-04-11,107.75
2005-04-12,107.79
2005-04-13,107.34
2005-04-14,108.14
2005-04-15,108.08
2005-04-18,107.66
2005-04-19,107.37
2005-04-20,106.9
2005-04-21,107.42
2005-04-22,106.26
2005-04-25,105.9
2005-04-26,105.95
2005-04-27,106.31
2005-04-28,105.87
2005-04-29,105.15
2005-05-02,105.37
2005-05-03,105.19
2005-05-04,104.39
2005-05-05,104.43
2005-05-06,104.82
2005-05-09,105.63
2005-05-10,105.69
2005-05-11,105.34
2005-05-12,106.23
2005-05-13,107.0
2005-05-16,107.51
2005-05-17,107.25
2005-05-18,107.31
2005-05-19,107.28
2005-05-20,107.86
2005-05-23,107.95
2005-05-24,107.31
2005-05-25,107.71
2005-05-26,108.26
2005-05-27,107.78
2005-05-30,107.99
2005-05-31,108.24
2005-06-01,108.64
2005-06-02,108.23
2005-06-03,107.88
2005-06-06,107.11
2005-06-07,106.74
2005-06-08,106.86
2005-06-09,107.34
2005-06-10,107.47
2005-06-13,109.22
2005-06-14,109.27
2005-06-15,109.42
2005-06-16,109.17
2005-06-17,108.79
2005-06-20,109.0
2005-06-21,109.33
2005-06-22,108.82
2005-06-23,108.47
2005-06-24,109.19
2005-06-27,109.27
2005-06-28,109.91
2005-06-29,110.36
2005-06-30,110.78
2005-07-01,111.06
2005-07-04,111.54
2005-07-05,111.95
2005-07-06,111.84
2005-07-07,111.68
2005-07-08,112.43
2005-07-11,111.94
2005-07-12,111.24
2005-07-13,111.35
2005-07-14,112.07
2005-07-15,112.11
2005-07-18,112.24
2005-07-19,112.89
2005-07-20,113.03
2005-07-21,110.95
2005-07-22,111.16
2005-07-25,111.79
2005-07-26,112.25
2005-07-27,112.53
2005-07-28,112.4
2005-07-29,112.39
2005-08-01,111.85
2005-08-02,111.38
2005-08-03,111.16
2005-08-04,111.48
2005-08-05,111.52
2005-08-08,111.67
2005-08-09,112.1
2005-08-10,111.01
2005-08-11,110.39
2005-08-12,109.43
2005-08-15,109.54
2005-08-16,109.34
2005-08-17,109.67
2005-08-18,110.39
2005-08-19,110.41
2005-08-22,109.5
2005-08-23,110.04
2005-08-24,110.37
2005-08-25,110.02
2005-08-26,109.64
2005-08-29,110.45
2005-08-30,111.49
2005-08-31,111.54
2005-09-01,110.55
2005-09-02,109.77
2005-09-05,109.02
2005-09-06,109.55
2005-09-07,110.01
2005-09-08,110.45
2005-09-09,110.05
2005-09-12,109.8
2005-09-13,110.92
2005-09-14,109.97
2005-09-15,110.36
2005-09-16,110.9
2005-09-19,111.47
2005-09-20,111.43
2005-09-21,111.21
2005-09-22,111.17
2005-09-23,111.46
2005-09-26,112.38
2005-09-27,113.29
2005-09-28,113.05
2005-09-29,112.68
2005-09-30,113.15
2005-10-03,114.03
2005-10-04,114.29
2005-10-05,113.89
2005-10-06,113.84
2005-10-07,113.49
2005-10-10,114.08
2005-10-11,114.14
2005-10-12,114.5
2005-10-13,114.81
2005-10-14,114.73
2005-10-17,114.79
2005-10-18,115.85
2005-10-19,115.54
2005-10-20,115.61
2005-10-21,115.61
2005-10-24,115.66
2005-10-25,115.49
2005-10-26,115.82
2005-10-27,115.33
2005-10-28,115.36
2005-10-31,116.14
2005-11-01,116.61
2005-11-02,116.96
2005-11-03,116.9
2005-11-04,117.76
2005-11-07,117.75
2005-11-08,117.72
2005-11-09,117.29
2005-11-10,117.68
2005-11-11,118.07
2005-11-14,118.72
2005-11-15,119.23
2005-11-16,119.38
2005-11-17,118.73
2005-11-18,119.25
2005-11-21,118.88
2005-11-22,119.41
2005-11-23,118.7
2005-11-24,118.84
2005-11-25,119.39
2005-11-28,119.73
2005-11-29,119.2
2005-11-30,119.64
2005-12-01,120.2
2005-12-02,120.85
2005-12-05,120.84
2005-12-06,121.06
2005-12-07,120.99
2005-12-08,120.55
2005-12-09,120.5
2005-12-12,120.3
2005-12-13,120.31
2005-12-14,118.33
2005-12-15,116.08
2005-12-16,116.23
2005-12-19,116.26
2005-12-20,116.57
2005-12-21,117.23
2005-12-22,117.44
2005-12-23,116.65
2005-12-27,116.95
2005-12-28,117.16
2005-12-29,117.91
2005-12-30,117.74
2006-01-02,118.01
2006-01-03,117.43
2006-01-04,116.02
2006-01-05,116.07
2006-01-06,115.94
2006-01-09,114.13
2006-01-10,114.49
2006-01-11,114.42
2006-01-12,113.51
2006-01-13,114.74
2006-01-16,114.95
2006-01-17,115.3
2006-01-18,115.06
2006-01-19,115.18
2006-01-20,115.3
2006-01-23,114.32
2006-01-24,114.45
2006-01-25,114.79
2006-01-26,115.76
2006-01-27,116.82
2006-01-30,117.52
2006-01-31,117.32
2006-02-01,117.61
2006-02-02,118.55
2006-02-03,118.61
2006-02-06,118.75
2006-02-07,117.97
2006-02-08,118.44
2006-02-09,118.53
2006-02-10,117.6
2006-02-13,118.06
2006-02-14,117.31
2006-02-15,117.57
2006-02-16,118.16
2006-02-17,118.66
2006-02-20,118.26
2006-02-21,118.94
2006-02-22,118.66
2006-02-23,116.99
2006-02-24,116.94
2006-02-27,116.24
2006-02-28,116.36
2006-03-01,115.91
2006-03-02,116.37
2006-03-03,116.44
2006-03-06,117.37
2006-03-07,117.8
2006-03-08,117.8
2006-03-09,117.53
2006-03-10,118.39
2006-03-13,119.06
2006-03-14,118.27
2006-03-15,117.5
2006-03-16,117.71
2006-03-17,116.1
2006-03-20,115.88
2006-03-21,116.61
2006-03-22,117.11
2006-03-23,117.06
2006-03-24,118.24
2006-03-27,116.55
2006-03-28,116.76
2006-03-29,117.87
2006-03-30,117.31
2006-03-31,117.66
2006-04-03,118.35
2006-04-04,117.61
2006-04-05,117.57
2006-04-06,117.62
2006-04-07,117.88
2006-04-10,118.37
2006-04-11,118.74
2006-04-12,118.12
2006-04-13,118.64
2006-04-18,117.96
2006-04-19,117.12
2006-04-20,117.67
2006-04-21,117.22
2006-04-24,114.98
2006-04-25,114.37
2006-04-26,114.99
2006-04-27,114.96
2006-04-28,114.29
2006-05-02,113.49
2006-05-03,113.6
2006-05-04,114.06
2006-05-05,113.9
2006-05-08,111.23
2006-05-09,111.54
2006-05-10,110.55
2006-05-11,111.21
2006-05-12,109.62
2006-05-15,110.18
2006-05-16,110.27
2006-05-17,109.36
2006-05-18,111.15
2006-05-19,111.73
2006-05-22,112.56
2006-05-23,111.39
2006-05-24,111.94
2006-05-25,112.18
2006-05-26,112.14
2006-05-29,112.27
2006-05-30,112.2
2006-05-31,112.15
2006-06-01,113.21
2006-06-02,112.83
2006-06-05,111.64
2006-06-06,112.66
2006-06-07,113.29
2006-06-08,114.38
2006-06-09,113.95
2006-06-12,114.45
2006-06-13,114.66
2006-06-14,115.16
2006-06-15,114.86
2006-06-16,114.94
2006-06-19,115.5
2006-06-20,115.12
2006-06-21,114.96
2006-06-22,115.63
2006-06-23,116.38
2006-06-26,116.34
2006-06-27,116.51
2006-06-28,116.25
2006-06-29,116.53
2006-06-30,114.65
2006-07-03,114.67
2006-07-04,114.59
2006-07-05,114.69
2006-07-06,115.5
2006-07-07,114.72
2006-07-10,113.84
2006-07-11,114.39
2006-07-12,115.2
2006-07-13,115.29
2006-07-14,115.92
2006-07-17,116.94
2006-07-18,117.0
2006-07-19,117.7
2006-07-20,116.81
2006-07-21,115.9
2006-07-24,116.62
2006-07-25,116.75
2006-07-26,116.87
2006-07-27,115.61
2006-07-28,115.74
2006-07-31,114.22
2006-08-01,114.76
2006-08-02,114.77
2006-08-03,114.89
2006-08-04,115.43
2006-08-07,115.07
2006-08-08,115.04
2006-08-09,115.05
2006-08-10,114.82
2006-08-11,116.02
2006-08-14,116.64
2006-08-15,116.59
2006-08-16,116.24
2006-08-17,115.35
2006-08-18,115.86
2006-08-21,115.67
2006-08-22,116.43
2006-08-23,116.37
2006-08-24,116.34
2006-08-25,117.25
2006-08-28,117.07
2006-08-29,116.76
2006-08-30,117.09
2006-08-31,117.16
2006-09-01,117.27
2006-09-04,116.11
2006-09-05,115.9
2006-09-06,116.65
2006-09-07,116.29
2006-09-08,116.35
2006-09-11,117.31
2006-09-12,117.63
2006-09-13,117.72
2006-09-14,117.57
2006-09-15,117.63
2006-09-18,118.02
2006-09-19,117.6
2006-09-20,117.31
2006-09-21,116.91
2006-09-22,116.17
2006-09-25,116.53
2006-09-26,116.45
2006-09-27,117.39
2006-09-28,117.65
2006-09-29,117.96
2006-10-02,118.24
2006-10-03,117.66
2006-10-04,118.1
2006-10-05,117.48
2006-10-06,118.03
2006-10-09,119.09
2006-10-10,119.61
2006-10-11,119.56
2006-10-12,119.6
2006-10-13,119.39
2006-10-16,119.16
2006-10-17,118.71
2006-10-18,118.66
2006-10-19,118.68
2006-10-20,118.32
2006-10-23,119.23
2006-10-24,119.59
2006-10-25,119.18
2006-10-26,118.87
2006-10-27,118.47
2006-10-30,117.3
2006-10-31,117.82
2006-11-01,116.99
2006-11-02,117.02
2006-11-03,117.26
2006-11-06,118.45
2006-11-07,117.89
2006-11-08,117.68
2006-11-09,118.13
2006-11-10,117.51
2006-11-13,117.91
2006-11-14,117.65
2006-11-15,118.05
2006-11-16,118.06
2006-11-17,118.34
2006-11-20,118.04
2006-11-21,118.03
2006-11-22,116.99
2006-11-23,116.27
2006-11-24,115.74
2006-11-27,116.09
2006-11-28,116.37
2006-11-29,116.3
2006-11-30,116.13
2006-12-01,116.11
2006-12-04,115.63
2006-12-05,114.58
2006-12-06,115.01
2006-12-07,114.97
2006-12-08,115.61
2006-12-11,117.12
2006-12-12,116.99
2006-12-13,117.11
2006-12-14,117.53
2006-12-15,118.3
2006-12-18,117.86
2006-12-19,118.16
2006-12-20,118.15
2006-12-21,118.27
2006-12-22,118.45
2006-12-27,118.63
2006-12-28,118.89
2006-12-29,119.16
2007-01-02,118.88
2007-01-03,119.24
2007-01-04,119.11
2007-01-05,118.12
2007-01-08,118.73
2007-01-09,119.27
2007-01-10,119.33
2007-01-11,120.27
2007-01-12,120.41
2007-01-15,120.55
2007-01-16,120.64
2007-01-17,120.65
2007-01-18,121.34
2007-01-19,121.26
2007-01-22,121.78
2007-01-23,121.18
2007-01-24,121.54
2007-01-25,120.88
2007-01-26,121.47
2007-01-29,122.05
2007-01-30,121.79
2007-01-31,121.41
2007-02-01,120.47
2007-02-02,121.07
2007-02-05,120.58
2007-02-06,120.08
2007-02-07,120.69
2007-02-08,121.38
2007-02-09,121.52
2007-02-12,121.9
2007-02-13,121.33
2007-02-14,121.2
2007-02-15,120.1
2007-02-16,119.12
2007-02-19,119.56
2007-02-20,120.21
2007-02-21,120.89
2007-02-22,121.32
2007-02-23,121.33
2007-02-26,120.59
2007-02-27,119.18
2007-02-28,118.42
2007-03-01,117.52
2007-03-02,116.93
2007-03-05,115.36
2007-03-06,116.56
2007-03-07,116.34
2007-03-08,117.11
2007-03-09,117.28
2007-03-12,117.39
2007-03-13,116.61
2007-03-14,116.56
2007-03-15,117.26
2007-03-16,116.79
2007-03-19,117.39
2007-03-20,117.44
2007-03-21,117.84
2007-03-22,117.8
2007-03-23,117.54
2007-03-26,118.39
2007-03-27,118.31
2007-03-28,117.16
2007-03-29,117.4
2007-03-30,118.13
2007-04-02,117.72
2007-04-03,118.68
2007-04-04,118.86
2007-04-05,118.9
2007-04-10,119.21
2007-04-11,119.24
2007-04-12,119.27
2007-04-13,118.64
2007-04-16,119.53
2007-04-17,119.43
2007-04-18,118.41
2007-04-19,117.73
2007-04-20,118.66
2007-04-23,118.69
2007-04-24,118.83
2007-04-25,118.65
2007-04-26,119.34
2007-04-27,119.3
2007-04-30,119.68
2007-05-02,120.16
2007-05-03,120.08
2007-05-04,120.31
2007-05-07,119.95
2007-05-08,119.7
2007-05-09,119.95
2007-05-10,120.4
2007-05-11,119.72
2007-05-14,120.35
2007-05-15,120.46
2007-05-16,120.55
2007-05-17,121.17
2007-05-18,120.95
2007-05-21,121.48
2007-05-22,121.5
2007-05-23,121.46
2007-05-24,121.36
2007-05-25,121.64
2007-05-28,121.69
2007-05-29,121.57
2007-05-30,121.65
2007-05-31,121.58
2007-06-01,121.92
2007-06-04,121.9
2007-06-05,121.5
2007-06-06,121.12
2007-06-07,121.33
2007-06-08,121.66
2007-06-11,121.71
2007-06-12,121.81
2007-06-13,122.32
2007-06-14,122.94
2007-06-15,123.49
2007-06-18,123.44
2007-06-19,123.45
2007-06-20,123.54
2007-06-21,123.54
2007-06-22,124.06
2007-06-25,123.48
2007-06-26,123.16
2007-06-27,122.56
2007-06-28,122.97
2007-06-29,123.38
2007-07-02,122.65
2007-07-03,122.51
2007-07-04,122.54
2007-07-05,122.51
2007-07-06,123.25
2007-07-09,123.43
2007-07-10,122.83
2007-07-11,121.71
2007-07-12,122.13
2007-07-13,122.39
2007-07-16,121.79
2007-07-17,122.05
2007-07-18,122.14
2007-07-19,122.04
2007-07-20,122.05
2007-07-23,121.25
2007-07-24,120.88
2007-07-25,120.46
2007-07-26,119.9
2007-07-27,118.76
2007-07-30,118.3
2007-07-31,119.35
2007-08-01,118.5
2007-08-02,119.15
2007-08-03,119.21
2007-08-06,117.88
2007-08-07,118.65
2007-08-08,119.25
2007-08-09,118.49
2007-08-10,117.49
2007-08-13,118.28
2007-08-14,118.27
2007-08-15,116.79
2007-08-16,114.28
2007-08-17,113.53
2007-08-20,115.12
2007-08-21,114.73
2007-08-22,115.11
2007-08-23,116.59
2007-08-24,115.83
2007-08-27,116.14
2007-08-28,115.3
2007-08-29,114.8
2007-08-30,115.6
2007-08-31,116.2
2007-09-03,115.8
2007-09-04,115.49
2007-09-05,115.62
2007-09-06,115.09
2007-09-07,115.21
2007-09-10,113.55
2007-09-11,113.79
2007-09-12,113.89
2007-09-13,114.79
2007-09-14,114.86
2007-09-17,114.9
2007-09-18,115.5
2007-09-19,115.78
2007-09-20,115.06
2007-09-21,115.64
2007-09-24,115.04
2007-09-25,114.31
2007-09-26,115.33
2007-09-27,115.16
2007-09-28,115.35
2007-10-01,115.77
2007-10-02,115.72
2007-10-03,116.14
2007-10-04,116.6
2007-10-05,116.44
2007-10-08,117.46
2007-10-09,117.22
2007-10-10,117.38
2007-10-11,117.59
2007-10-12,117.48
2007-10-15,117.76
2007-10-16,116.73
2007-10-17,117.09
2007-10-18,115.39
2007-10-19,115.38
2007-10-22,113.93
2007-10-23,114.7
2007-10-24,114.31
2007-10-25,114.36
2007-10-26,114.36
2007-10-29,114.77
2007-10-30,114.81
2007-10-31,115.24
2007-11-01,115.3
2007-11-02,115.26
2007-11-05,114.16
2007-11-06,114.73
2007-11-07,112.8
2007-11-08,113.12
2007-11-09,111.16
2007-11-12,109.44
2007-11-13,110.19
2007-11-14,111.06
2007-11-15,110.65
2007-11-16,110.56
2007-11-19,110.26
2007-11-20,110.15
2007-11-21,108.63
2007-11-22,108.72
2007-11-23,107.95
2007-11-26,108.43
2007-11-27,107.64
2007-11-28,109.87
2007-11-29,110.1
2007-11-30,110.72
2007-12-03,110.34
2007-12-04,109.8
2007-12-05,110.28
2007-12-06,111.0
2007-12-07,111.53
2007-12-10,111.79
2007-12-11,111.94
2007-12-12,111.35
2007-12-13,111.84
2007-12-14,113.03
2007-12-17,113.33
2007-12-18,113.37
2007-12-19,112.99
2007-12-20,113.11
2007-12-21,113.54
2007-12-24,114.08
2007-12-27,114.51
2007-12-28,113.08
2007-12-31,112.04
2008-01-02,111.54
2008-01-03,108.91
2008-01-04,109.23
2008-01-07,109.11
2008-01-08,109.64
2008-01-09,109.41
2008-01-10,109.86
2008-01-11,108.96
2008-01-14,107.79
2008-01-15,107.5
2008-01-16,106.33
2008-01-17,106.92
2008-01-18,107.47
2008-01-21,106.24
2008-01-22,106.34
2008-01-23,105.32
2008-01-24,106.59
2008-01-25,107.68
2008-01-28,106.86
2008-01-29,106.97
2008-01-30,106.95
2008-01-31,106.21
2008-02-01,106.46
2008-02-04,106.89
2008-02-05,107.43
2008-02-06,106.41
2008-02-07,106.11
2008-02-08,107.41
2008-02-11,106.88
2008-02-12,107.43
2008-02-13,107.52
2008-02-14,108.18
2008-02-15,107.52
2008-02-18,108.2
2008-02-19,107.61
2008-02-20,108.02
2008-02-21,108.08
2008-02-22,106.92
2008-02-25,107.79
2008-02-26,107.87
2008-02-27,106.32
2008-02-28,106.19
2008-02-29,104.19
2008-03-03,103.13
2008-03-04,103.1
2008-03-05,103.74
2008-03-06,103.5
2008-03-07,102.14
2008-03-10,102.26
2008-03-11,102.98
2008-03-12,102.38
2008-03-13,100.44
2008-03-14,100.94
2008-03-17,96.7
2008-03-18,97.91
2008-03-19,99.52
2008-03-20,99.33
2008-03-25,100.13
2008-03-26,99.23
2008-03-27,99.79
2008-03-28,99.94
2008-03-31,99.53
2008-04-01,100.61
2008-04-02,101.97
2008-04-03,102.89
2008-04-04,102.33
2008-04-07,102.68
2008-04-08,102.43
2008-04-09,102.61
2008-04-10,100.27
2008-04-11,100.95
2008-04-14,100.43
2008-04-15,101.0
2008-04-16,101.34
2008-04-17,102.53
2008-04-18,103.92
2008-04-21,103.43
2008-04-22,103.21
2008-04-23,103.07
2008-04-24,103.41
2008-04-25,104.52
2008-04-28,104.65
2008-04-29,103.87
2008-04-30,104.65
2008-05-02,104.76
2008-05-05,105.26
2008-05-06,104.49
2008-05-07,105.35
2008-05-08,104.35
2008-05-09,102.74
2008-05-12,103.97
2008-05-13,103.86
2008-05-14,105.24
2008-05-15,105.09
2008-05-16,104.72
2008-05-19,104.03
2008-05-20,104.12
2008-05-21,103.36
2008-05-22,103.28
2008-05-23,103.53
2008-05-26,103.4
2008-05-27,103.84
2008-05-28,104.8
2008-05-29,105.31
2008-05-30,105.58
2008-06-02,104.79
2008-06-03,104.53
2008-06-04,104.63
2008-06-05,106.13
2008-06-06,106.27
2008-06-09,105.65
2008-06-10,106.77
2008-06-11,107.23
2008-06-12,107.73
2008-06-13,108.27
2008-06-16,108.2
2008-06-17,108.28
2008-06-18,108.19
2008-06-19,107.84
2008-06-20,107.51
2008-06-23,107.89
2008-06-24,107.91
2008-06-25,107.96
2008-06-26,107.58
2008-06-27,106.1
2008-06-30,105.58
2008-07-01,105.59
2008-07-02,106.55
2008-07-03,106.15
2008-07-04,106.76
2008-07-07,107.64
2008-07-08,107.07
2008-07-09,107.46
2008-07-10,107.27
2008-07-11,106.32
2008-07-14,106.8
2008-07-15,104.74
2008-07-16,104.27
2008-07-17,105.64
2008-07-18,106.87
2008-07-21,106.98
2008-07-22,106.33
2008-07-23,107.84
2008-07-24,107.75
2008-07-25,107.26
2008-07-28,107.73
2008-07-29,107.82
2008-07-30,107.9
2008-07-31,108.27
2008-08-01,107.51
2008-08-04,108.18
2008-08-05,107.87
2008-08-06,108.64
2008-08-07,109.34
2008-08-08,109.86
2008-08-11,109.73
2008-08-12,110.0
2008-08-13,108.74
2008-08-14,109.59
2008-08-15,110.46
2008-08-18,110.31
2008-08-19,109.77
2008-08-20,110.1
2008-08-21,108.24
2008-08-22,109.77
2008-08-25,109.92
2008-08-26,109.73
2008-08-27,109.01
2008-08-28,109.3
2008-08-29,108.73
2008-09-01,107.87
2008-09-02,108.85
2008-09-03,108.55
2008-09-04,108.2
2008-09-05,106.37
2008-09-08,108.64
2008-09-09,108.1
2008-09-10,106.8
2008-09-11,106.71
2008-09-12,107.29
2008-09-15,105.91
2008-09-16,103.78
2008-09-17,105.64
2008-09-18,104.79
2008-09-19,107.5
2008-09-22,106.51
2008-09-23,105.51
2008-09-24,105.9
2008-09-25,106.06
2008-09-26,105.28
2008-09-29,106.14
2008-09-30,105.2
2008-10-01,106.21
2008-10-02,105.34
2008-10-03,104.88
2008-10-06,103.26
2008-10-07,102.34
2008-10-08,100.81
2008-10-09,100.75
2008-10-10,99.18
2008-10-13,100.18
2008-10-14,102.71
2008-10-15,101.42
2008-10-16,100.62
2008-10-17,101.14
2008-10-20,101.65
2008-10-21,100.93
2008-10-22,98.79
2008-10-23,97.12
2008-10-24,93.2
2008-10-27,92.9
2008-10-28,95.34
2008-10-29,97.1
2008-10-30,98.76
2008-10-31,97.96
2008-11-03,98.56
2008-11-04,99.34
2008-11-05,98.99
2008-11-06,97.78
2008-11-07,97.44
2008-11-10,99.21
2008-11-11,97.88
2008-11-12,97.21
2008-11-13,96.08
2008-11-14,96.39
2008-11-17,96.31
2008-11-18,96.36
2008-11-19,96.62
2008-11-20,95.57
2008-11-21,94.67
2008-11-24,95.92
2008-11-25,96.07
2008-11-26,95.17
2008-11-27,95.38
2008-11-28,95.43
2008-12-01,93.92
2008-12-02,93.38
2008-12-03,93.0
2008-12-04,92.79
2008-12-05,92.31
2008-12-08,93.43
2008-12-09,92.58
2008-12-10,92.67
2008-12-11,91.31
2008-12-12,90.11
2008-12-15,90.61
2008-12-16,89.99
2008-12-17,88.45
2008-12-18,88.41
2008-12-19,89.48
2008-12-22,89.95
2008-12-23,90.16
2008-12-24,90.43
2008-12-29,90.39
2008-12-30,90.37
2008-12-31,90.64
2009-01-02,91.33
2009-01-05,93.37
2009-01-06,94.39
2009-01-07,93.25
2009-01-08,91.31
2009-01-09,90.91
2009-01-12,89.95
2009-01-13,89.38
2009-01-14,89.32
2009-01-15,89.39
2009-01-16,90.51
2009-01-19,90.4
2009-01-20,90.41
2009-01-21,89.94
2009-01-22,88.56
2009-01-23,88.82
2009-01-26,89.16
2009-01-27,89.26
2009-01-28,89.42
2009-01-29,90.05
2009-01-30,89.72
2009-02-02,89.37
2009-02-03,89.52
2009-02-04,89.16
2009-02-05,89.67
2009-02-06,91.2
2009-02-09,91.64
2009-02-10,91.3
2009-02-11,90.04
2009-02-12,89.97
2009-02-13,91.7
2009-02-16,91.92
2009-02-17,91.97
2009-02-18,92.75
2009-02-19,93.66
2009-02-20,94.21
2009-02-23,94.62
2009-02-24,95.9
2009-02-25,96.73
2009-02-26,98.05
2009-02-27,97.46
2009-03-02,97.27
2009-03-03,98.01
2009-03-04,99.3
2009-03-05,99.33
2009-03-06,96.8
2009-03-09,99.01
2009-03-10,98.14
2009-03-11,98.04
2009-03-12,97.25
2009-03-13,98.43
2009-03-16,98.54
2009-03-17,98.98
2009-03-18,98.2
2009-03-19,94.85
2009-03-20,95.85
2009-03-23,96.71
2009-03-24,98.23
2009-03-25,98.0
2009-03-26,98.21
2009-03-27,97.71
2009-03-30,96.97
2009-03-31,98.56
2009-04-01,98.79
2009-04-02,99.67
2009-04-03,99.87
2009-04-06,100.79
2009-04-07,100.19
2009-04-08,100.05
2009-04-09,100.24
2009-04-14,99.86
2009-04-15,99.22
2009-04-16,98.89
2009-04-17,99.3
2009-04-20,98.57
2009-04-21,98.07
2009-04-22,97.98
2009-04-23,98.3
2009-04-24,96.96
2009-04-27,96.62
2009-04-28,96.27
2009-04-29,96.89
2009-04-30,98.18
2009-05-04,99.46
2009-05-05,98.93
2009-05-06,98.46
2009-05-07,99.32
2009-05-08,99.34
2009-05-11,97.85
2009-05-12,97.13
2009-05-13,96.09
2009-05-14,95.41
2009-05-15,95.18
2009-05-18,95.81
2009-05-19,96.17
2009-05-20,95.73
2009-05-21,95.01
2009-05-22,94.05
2009-05-25,95.09
2009-05-26,94.95
2009-05-27,95.3
2009-05-28,96.98
2009-05-29,95.91
2009-06-01,94.86
2009-06-02,95.58
2009-06-03,95.96
2009-06-04,96.72
2009-06-05,96.97
2009-06-08,98.46
2009-06-09,98.0
2009-06-10,97.88
2009-06-11,98.35
2009-06-12,98.22
2009-06-15,98.25
2009-06-16,97.03
2009-06-17,96.3
2009-06-18,95.96
2009-06-19,96.78
2009-06-22,95.99
2009-06-23,95.5
2009-06-24,95.35
2009-06-25,96.37
2009-06-26,95.42
2009-06-29,95.34
2009-06-30,95.88
2009-07-01,96.86
2009-07-02,96.77
2009-07-03,95.88
2009-07-06,95.3
2009-07-07,95.31
2009-07-08,94.25
2009-07-09,92.96
2009-07-10,92.23
2009-07-13,92.33
2009-07-14,93.16
2009-07-15,93.38
2009-07-16,93.86
2009-07-17,93.73
2009-07-20,94.56
2009-07-21,94.28
2009-07-22,93.36
2009-07-23,94.34
2009-07-24,94.83
2009-07-27,95.04
2009-07-28,94.55
2009-07-29,94.91
2009-07-30,95.28
2009-07-31,95.72
2009-08-03,94.99
2009-08-04,94.7
2009-08-05,95.34
2009-08-06,95.55
2009-08-07,95.35
2009-08-10,97.18
2009-08-11,96.51
2009-08-12,95.82
2009-08-13,96.21
2009-08-14,94.87
2009-08-17,94.47
2009-08-18,95.11
2009-08-19,93.93
2009-08-20,94.16
2009-08-21,93.64
2009-08-24,94.65
2009-08-25,94.28
2009-08-26,94.13
2009-08-27,93.64
2009-08-28,93.81
2009-08-31,93.26
2009-09-01,93.1
2009-09-02,92.57
2009-09-03,92.41
2009-09-04,92.87
2009-09-07,93.04
2009-09-08,92.29
2009-09-09,92.36
2009-09-10,92.07
2009-09-11,90.87
2009-09-14,90.86
2009-09-15,91.21
2009-09-16,90.38
2009-09-17,91.34
2009-09-18,91.24
2009-09-21,92.41
2009-09-22,91.4
2009-09-23,91.29
2009-09-24,90.64
2009-09-25,90.38
2009-09-28,89.52
2009-09-29,89.98
2009-09-30,89.51
2009-10-01,89.95
2009-10-02,89.39
2009-10-05,89.91
2009-10-06,89.13
2009-10-07,88.93
2009-10-08,88.37
2009-10-09,88.89
2009-10-12,90.07
2009-10-13,89.49
2009-10-14,89.64
2009-10-15,90.2
2009-10-16,91.2
2009-10-19,90.94
2009-10-20,90.53
2009-10-21,91.03
2009-10-22,91.27
2009-10-23,91.86
2009-10-26,91.94
2009-10-27,92.05
2009-10-28,91.15
2009-10-29,91.38
2009-10-30,90.99
2009-11-02,90.0
2009-11-03,90.22
2009-11-04,90.98
2009-11-05,90.33
2009-11-06,90.67
2009-11-09,89.97
2009-11-10,89.88
2009-11-11,89.85
2009-11-12,90.01
2009-11-13,89.8
2009-11-16,89.56
2009-11-17,89.25
2009-11-18,89.18
2009-11-19,88.84
2009-11-20,89.01
2009-11-23,88.88
2009-11-24,88.56
2009-11-25,87.58
2009-11-26,86.72
2009-11-27,86.61
2009-11-30,86.38
2009-12-01,86.92
2009-12-02,87.18
2009-12-03,88.08
2009-12-04,88.32
2009-12-07,90.11
2009-12-08,88.49
2009-12-09,87.97
2009-12-10,88.28
2009-12-11,88.86
2009-12-14,88.45
2009-12-15,89.55
2009-12-16,89.7
2009-12-17,90.13
2009-12-18,90.45
2009-12-21,90.55
2009-12-22,91.62
2009-12-23,91.73
2009-12-24,91.49
2009-12-28,91.54
2009-12-29,91.76
2009-12-30,92.31
2009-12-31,92.43
2010-01-04,92.86
2010-01-05,91.77
2010-01-06,92.47
2010-01-07,93.33
2010-01-08,93.44
2010-01-11,92.39
2010-01-12,91.44
2010-01-13,91.34
2010-01-14,91.73
2010-01-15,90.97
2010-01-18,90.7
2010-01-19,90.9
2010-01-20,91.03
2010-01-21,91.82
2010-01-22,90.1
2010-01-25,90.27
2010-01-26,89.68
2010-01-27,89.5
2010-01-28,90.26
2010-01-29,90.33
2010-02-01,90.28
2010-02-02,90.55
2010-02-03,90.62
2010-02-04,90.76
2010-02-05,89.47
2010-02-08,89.27
2010-02-09,89.68
2010-02-10,89.53
2010-02-11,89.69
2010-02-12,90.13
2010-02-15,89.97
2010-02-16,89.88
2010-02-17,90.84
2010-02-18,90.88
2010-02-19,91.85
2010-02-22,91.28
2010-02-23,90.73
2010-02-24,90.17
2010-02-25,89.45
2010-02-26,89.11
2010-03-01,89.22
2010-03-02,89.08
2010-03-03,88.78
2010-03-04,88.43
2010-03-05,89.44
2010-03-08,90.38
2010-03-09,89.78
2010-03-10,90.49
2010-03-11,90.68
2010-03-12,90.5
2010-03-15,90.7
2010-03-16,90.52
2010-03-17,90.46
2010-03-18,90.29
2010-03-19,90.68
2010-03-22,90.01
2010-03-23,90.36
2010-03-24,91.93
2010-03-25,92.42
2010-03-26,92.86
2010-03-29,92.61
2010-03-30,92.57
2010-03-31,93.43
2010-04-01,93.76
2010-04-06,94.09
2010-04-07,93.73
2010-04-08,93.08
2010-04-09,93.65
2010-04-12,93.48
2010-04-13,93.01
2010-04-14,93.59
2010-04-15,93.16
2010-04-16,92.57
2010-04-19,91.94
2010-04-20,92.93
2010-04-21,93.21
2010-04-22,92.98
2010-04-23,93.99
2010-04-26,94.18
2010-04-27,93.83
2010-04-28,93.98
2010-04-29,94.12
2010-04-30,94.49
2010-05-03,94.39
2010-05-04,94.48
2010-05-05,94.91
2010-05-06,93.77
2010-05-07,92.45
2010-05-10,93.28
2010-05-11,92.44
2010-05-12,93.06
2010-05-13,92.95
2010-05-14,92.5
2010-05-17,92.45
2010-05-18,92.79
2010-05-19,91.68
2010-05-20,90.75
2010-05-21,89.69
2010-05-24,90.32
2010-05-25,89.61
2010-05-26,90.46
2010-05-27,90.4
2010-05-28,91.3
2010-05-31,91.51
2010-06-01,91.03
2010-06-02,91.96
2010-06-03,92.71
2010-06-04,92.65
2010-06-07,91.86
2010-06-08,91.54
2010-06-09,91.58
2010-06-10,91.19
2010-06-11,91.64
2010-06-14,91.79
2010-06-15,91.18
2010-06-16,91.35
2010-06-17,91.31
2010-06-18,90.62
2010-06-21,91.28
2010-06-22,90.63
2010-06-23,90.26
2010-06-24,89.37
2010-06-25,89.47
2010-06-28,89.35
2010-06-29,88.79
2010-06-30,88.66
2010-07-01,87.72
2010-07-02,87.57
2010-07-05,87.73
2010-07-06,87.81
2010-07-07,87.18
2010-07-08,88.06
2010-07-09,88.51
2010-07-12,88.57
2010-07-13,88.27
2010-07-14,88.55
2010-07-15,88.17
2010-07-16,86.57
2010-07-19,87.09
2010-07-20,86.81
2010-07-21,87.01
2010-07-22,86.82
2010-07-23,87.21
2010-07-26,86.85
2010-07-27,87.31
2010-07-28,87.75
2010-07-29,86.95
2010-07-30,86.44
2010-08-02,86.64
2010-08-03,85.86
2010-08-04,85.51
2010-08-05,86.21
2010-08-06,85.87
2010-08-09,85.63
2010-08-10,86.22
2010-08-11,84.94
2010-08-12,85.61
2010-08-13,85.77
2010-08-16,85.41
2010-08-17,85.27
2010-08-18,85.35
2010-08-19,85.56
2010-08-20,85.39
2010-08-23,85.19
2010-08-24,84.2
2010-08-25,84.43
2010-08-26,84.42
2010-08-27,84.75
2010-08-30,84.68
2010-08-31,84.44
2010-09-01,84.02
2010-09-02,84.11
2010-09-03,84.45
2010-09-06,84.22
2010-09-07,83.85
2010-09-08,83.81
2010-09-09,83.73
2010-09-10,83.96
2010-09-13,84.13
2010-09-14,83.3
2010-09-15,85.49
2010-09-16,85.59
2010-09-17,85.74
2010-09-20,85.72
2010-09-21,85.4
2010-09-22,84.66
2010-09-23,84.43
2010-09-24,84.4
2010-09-27,84.23
2010-09-28,84.12
2010-09-29,83.65
2010-09-30,83.29
2010-10-01,83.24
2010-10-04,83.25
2010-10-05,83.31
2010-10-06,82.98
2010-10-07,82.39
2010-10-08,82.32
2010-10-11,81.97
2010-10-12,81.94
2010-10-13,81.84
2010-10-14,81.15
2010-10-15,81.11
2010-10-18,81.32
2010-10-19,81.65
2010-10-20,81.23
2010-10-21,81.09
2010-10-22,81.23
2010-10-25,80.69
2010-10-26,81.3
2010-10-27,81.71
2010-10-28,81.24
2010-10-29,80.73
2010-11-01,80.38
2010-11-02,80.74
2010-11-03,81.11
2010-11-04,80.84
2010-11-05,81.23
2010-11-08,81.11
2010-11-09,80.63
2010-11-10,82.41
2010-11-11,82.32
2010-11-12,82.12
2010-11-15,83.16
2010-11-16,83.17
2010-11-17,83.45
2010-11-18,83.33
2010-11-19,83.44
2010-11-22,83.51
2010-11-23,83.36
2010-11-24,83.42
2010-11-25,83.59
2010-11-26,83.87
2010-11-29,84.23
2010-11-30,83.86
2010-12-01,84.16
2010-12-02,84.36
2010-12-03,83.69
2010-12-06,82.88
2010-12-07,82.64
2010-12-08,84.15
2010-12-09,84.02
2010-12-10,83.66
2010-12-13,84.08
2010-12-14,83.09
2010-12-15,83.74
2010-12-16,84.06
2010-12-17,83.91
2010-12-20,83.75
2010-12-21,83.62
2010-12-22,83.65
2010-12-23,83.4
2010-12-24,82.93
2010-12-27,82.89
2010-12-28,82.0
2010-12-29,82.21
2010-12-30,81.51
2010-12-31,81.31
2011-01-03,81.44
2011-01-04,82.11
2011-01-05,82.28
2011-01-06,83.2
2011-01-07,83.55
2011-01-10,83.06
2011-01-11,83.11
2011-01-12,83.38
2011-01-13,82.96
2011-01-14,82.94
2011-01-17,82.57
2011-01-18,82.48
2011-01-19,82.07
2011-01-20,82.34
2011-01-21,82.74
2011-01-24,82.87
2011-01-25,82.44
2011-01-26,82.21
2011-01-27,83.04
2011-01-28,82.25
2011-01-31,82.16
2011-02-01,81.56
2011-02-02,81.4
2011-02-03,81.82
2011-02-04,81.74
2011-02-07,82.28
2011-02-08,82.21
2011-02-09,82.55
2011-02-10,82.85
2011-02-11,83.56
2011-02-14,83.44
2011-02-15,83.8
2011-02-16,83.73
2011-02-17,83.62
2011-02-18,83.38
2011-02-21,83.17
2011-02-22,83.14
2011-02-23,82.8
2011-02-24,81.82
2011-02-25,81.76
2011-02-28,81.87
2011-03-01,82.02
2011-03-02,82.07
2011-03-03,81.9
2011-03-04,82.85
2011-03-07,82.09
2011-03-08,82.49
2011-03-09,82.67
2011-03-10,83.07
2011-03-11,82.22
2011-03-14,81.85
2011-03-15,80.95
2011-03-16,80.59
2011-03-17,78.849
2011-03-18,81.16
2011-03-21,81.05
2011-03-22,81.03
2011-03-23,80.94
2011-03-24,80.93
2011-03-25,81.17
2011-03-28,81.66
2011-03-29,82.18
2011-03-30,83.04
2011-03-31,82.78
2011-04-01,83.84
2011-04-04,83.96
2011-04-05,84.29
2011-04-06,85.19
2011-04-07,85.21
2011-04-08,85.27
2011-04-11,84.7
2011-04-12,84.22
2011-04-13,84.07
2011-04-14,83.22
2011-04-15,83.3
2011-04-18,82.84
2011-04-19,82.67
2011-04-20,82.76
2011-04-21,81.95
2011-04-26,81.71
2011-04-27,82.26
2011-04-28,81.77
2011-04-29,81.2
2011-05-02,81.45
2011-05-03,80.76
2011-05-04,81.05
2011-05-05,79.789
2011-05-06,80.34
2011-05-09,80.77
2011-05-10,80.6
2011-05-11,81.12
2011-05-12,80.93
2011-05-13,80.76
2011-05-16,80.85
2011-05-17,81.64
2011-05-18,81.15
2011-05-19,81.9
2011-05-20,81.67
2011-05-23,81.8
2011-05-24,81.94
2011-05-25,82.07
2011-05-26,81.84
2011-05-27,81.11
2011-05-30,80.83
2011-05-31,81.49
2011-06-01,81.28
2011-06-02,80.64
2011-06-03,80.68
2011-06-06,80.19
2011-06-07,80.23
2011-06-08,79.819
2011-06-09,79.964
2011-06-10,80.08
2011-06-13,80.39
2011-06-14,80.23
2011-06-15,80.84
2011-06-16,80.66
2011-06-17,80.39
2011-06-20,80.25
2011-06-21,80.15
2011-06-22,80.13
2011-06-23,80.62
2011-06-24,80.21
2011-06-27,80.77
2011-06-28,80.86
2011-06-29,81.06
2011-06-30,80.43
2011-07-01,80.7
2011-07-04,80.77
2011-07-05,81.07
2011-07-06,81.04
2011-07-07,81.17
2011-07-08,81.44
2011-07-11,80.51
2011-07-12,79.678
2011-07-13,79.336
2011-07-14,79.031
2011-07-15,79.153
2011-07-18,79.103
2011-07-19,78.934
2011-07-20,78.87
2011-07-21,78.815
2011-07-22,78.403
2011-07-25,78.206
2011-07-26,78.101
2011-07-27,77.849
2011-07-28,77.742
2011-07-29,77.553
2011-08-01,76.892
2011-08-02,77.354
2011-08-03,77.049
2011-08-04,79.584
2011-08-05,78.594
2011-08-08,77.884
2011-08-09,77.269
2011-08-10,76.453
2011-08-11,76.568
2011-08-12,76.54
2011-08-15,76.784
2011-08-16,76.685
2011-08-17,76.514
2011-08-18,76.609
2011-08-19,76.469
2011-08-22,76.771
2011-08-23,76.559
2011-08-24,76.568
2011-08-25,77.17
2011-08-26,76.663
2011-08-29,76.655
2011-08-30,76.76
2011-08-31,76.505
2011-09-01,77.06
2011-09-02,76.857
2011-09-05,76.851
2011-09-06,77.374
2011-09-07,77.216
2011-09-08,77.193
2011-09-09,77.788
2011-09-12,77.124
2011-09-13,76.959
2011-09-14,76.83
2011-09-15,76.6
2011-09-16,76.744
2011-09-19,76.695
2011-09-20,76.528
2011-09-21,76.32
2011-09-22,76.286
2011-09-23,76.188
2011-09-26,76.333
2011-09-27,76.464
2011-09-28,76.458
2011-09-29,76.724
2011-09-30,76.864
2011-10-03,76.829
2011-10-04,76.686
2011-10-05,76.666
2011-10-06,76.773
2011-10-07,76.686
2011-10-10,76.701
2011-10-11,76.622
2011-10-12,76.834
2011-10-13,76.841
2011-10-14,77.077
2011-10-17,77.258
2011-10-18,76.755
2011-10-19,76.793
2011-10-20,76.823
2011-10-21,76.692
2011-10-24,76.104
2011-10-25,76.146
2011-10-26,75.874
2011-10-27,75.787
2011-10-28,75.77
2011-10-31,78.009
2011-11-01,78.212
2011-11-02,78.051
2011-11-03,77.928
2011-11-04,78.088
2011-11-07,78.082
2011-11-08,77.974
2011-11-09,77.723
2011-11-10,77.6
2011-11-11,77.355
2011-11-14,77.004
2011-11-15,76.973
2011-11-16,76.958
2011-11-17,76.973
2011-11-18,76.65
2011-11-21,76.861
2011-11-22,76.949
2011-11-23,77.217
2011-11-24,77.073
2011-11-25,77.549
2011-11-28,77.779
2011-11-29,77.849
2011-11-30,77.508
2011-12-01,77.705
2011-12-02,77.899
2011-12-05,77.972
2011-12-06,77.759
2011-12-07,77.738
2011-12-08,77.345
2011-12-09,77.667
2011-12-12,77.821
2011-12-13,77.839
2011-12-14,78.073
2011-12-15,77.809
2011-12-16,77.848
2011-12-19,77.859
2011-12-20,77.926
2011-12-21,77.877
2011-12-22,78.125
2011-12-23,78.065
2011-12-27,77.856
2011-12-28,77.643
2011-12-29,77.772
2011-12-30,77.44
2012-01-02,76.939
2012-01-03,76.733
2012-01-04,76.792
2012-01-05,76.894
2012-01-06,77.145
2012-01-09,76.893
2012-01-10,76.819
2012-01-11,76.954
2012-01-12,76.884
2012-01-13,76.783
2012-01-16,76.762
2012-01-17,76.779
2012-01-18,76.791
2012-01-19,76.826
2012-01-20,77.143
2012-01-23,76.899
2012-01-24,77.59
2012-01-25,78.056
2012-01-26,77.581
2012-01-27,76.972
2012-01-30,76.682
2012-01-31,76.374
2012-02-01,76.121
2012-02-02,76.111
2012-02-03,76.216
2012-02-06,76.652
2012-02-07,76.771
2012-02-08,76.925
2012-02-09,77.235
2012-02-10,77.663
2012-02-13,77.607
2012-02-14,78.1
2012-02-15,78.468
2012-02-16,78.809
2012-02-17,79.33
2012-02-20,79.504
2012-02-21,79.7
2012-02-22,80.29
2012-02-23,80.24
2012-02-24,80.52
2012-02-27,80.53
2012-02-28,80.56
2012-02-29,80.28
2012-03-01,81.09
2012-03-02,81.52
2012-03-05,81.35
2012-03-06,81.09
2012-03-07,80.75
2012-03-08,81.69
2012-03-09,81.82
2012-03-12,82.16
2012-03-13,82.74
2012-03-14,83.57
2012-03-15,83.34
2012-03-16,83.72
2012-03-19,83.44
2012-03-20,83.71
2012-03-21,84.02
2012-03-22,83.09
2012-03-23,82.39
2012-03-26,82.72
2012-03-27,82.93
2012-03-28,83.03
2012-03-29,82.29
2012-03-30,82.03
2012-04-02,82.55
2012-04-03,82.09
2012-04-04,82.35
2012-04-05,81.93
2012-04-10,81.2
2012-04-11,80.86
2012-04-12,81.0
2012-04-13,80.99
2012-04-16,80.76
2012-04-17,80.69
2012-04-18,81.45
2012-04-19,81.71
2012-04-20,81.72
2012-04-23,81.11
2012-04-24,81.2
2012-04-25,81.29
2012-04-26,80.94
2012-04-27,80.69
2012-04-30,80.1
2012-05-02,80.2
2012-05-03,80.39
2012-05-04,80.27
2012-05-07,79.943
2012-05-08,79.854
2012-05-09,79.529
2012-05-10,79.708
2012-05-11,79.944
2012-05-14,79.795
2012-05-15,79.927
2012-05-16,80.49
2012-05-17,80.25
2012-05-18,79.357
2012-05-21,79.263
2012-05-22,79.879
2012-05-23,79.461
2012-05-24,79.438
2012-05-25,79.547
2012-05-28,79.381
2012-05-29,79.566
2012-05-30,79.096
2012-05-31,78.739
2012-06-01,78.112
2012-06-04,78.122
2012-06-05,78.244
2012-06-06,79.151
2012-06-07,79.46
2012-06-08,79.323
2012-06-11,79.401
2012-06-12,79.571
2012-06-13,79.623
2012-06-14,79.285
2012-06-15,78.787
2012-06-18,79.054
2012-06-19,78.905
2012-06-20,78.904
2012-06-21,80.08
2012-06-22,80.29
2012-06-25,79.733
2012-06-26,79.335
2012-06-27,79.732
2012-06-28,79.401
2012-06-29,79.531
2012-07-02,79.814
2012-07-03,79.73
2012-07-04,79.841
2012-07-05,79.784
2012-07-06,79.882
2012-07-09,79.566
2012-07-10,79.479
2012-07-11,79.233
2012-07-12,79.348
2012-07-13,79.278
2012-07-16,79.042
2012-07-17,79.098
2012-07-18,78.985
2012-07-19,78.546
2012-07-20,78.574
2012-07-23,78.249
2012-07-24,78.278
2012-07-25,78.268
2012-07-26,78.132
2012-07-27,78.177
2012-07-30,78.213
2012-07-31,78.175
2012-08-01,78.224
2012-08-02,78.276
2012-08-03,78.277
2012-08-06,78.35
2012-08-07,78.466
2012-08-08,78.372
2012-08-09,78.473
2012-08-10,78.389
2012-08-13,78.296
2012-08-14,78.643
2012-08-15,79.0
2012-08-16,79.306
2012-08-17,79.412
2012-08-20,79.528
2012-08-21,79.506
2012-08-22,79.25
2012-08-23,78.617
2012-08-24,78.484
2012-08-27,78.779
2012-08-28,78.57
2012-08-29,78.621
2012-08-30,78.627
2012-08-31,78.471
2012-09-03,78.318
2012-09-04,78.369
2012-09-05,78.446
2012-09-06,78.62
2012-09-07,78.908
2012-09-10,78.256
2012-09-11,77.97
2012-09-12,77.892
2012-09-13,77.645
2012-09-14,78.076
2012-09-17,78.412
2012-09-18,78.627
2012-09-19,78.742
2012-09-20,78.13
2012-09-21,78.211
2012-09-24,78.035
2012-09-25,77.768
2012-09-26,77.711
2012-09-27,77.66
2012-09-28,77.626
2012-10-01,77.984
2012-10-02,78.128
2012-10-03,78.348
2012-10-04,78.666
2012-10-05,78.465
2012-10-08,78.291
2012-10-09,78.244
2012-10-10,78.315
2012-10-11,78.387
2012-10-12,78.412
2012-10-15,78.714
2012-10-16,78.905
2012-10-17,78.681
2012-10-18,79.288
2012-10-19,79.225
2012-10-22,79.821
2012-10-23,79.846
2012-10-24,79.841
2012-10-25,80.16
2012-10-26,79.912
2012-10-29,79.617
2012-10-30,79.463
2012-10-31,79.874
2012-11-01,80.02
2012-11-02,80.58
2012-11-05,80.3
2012-11-06,80.16
2012-11-07,80.11
2012-11-08,79.884
2012-11-09,79.124
2012-11-12,79.411
2012-11-13,79.497
2012-11-14,80.15
2012-11-15,81.26
2012-11-16,81.16
2012-11-19,81.18
2012-11-20,81.5
2012-11-21,82.38
2012-11-22,82.54
2012-11-23,82.26
2012-11-26,82.13
2012-11-27,82.14
2012-11-28,81.79
2012-11-29,82.13
2012-11-30,82.68
2012-12-03,82.22
2012-12-04,81.94
2012-12-05,82.14
2012-12-06,82.36
2012-12-07,82.29
2012-12-10,82.16
2012-12-11,82.44
2012-12-12,82.91
2012-12-13,83.49
2012-12-14,83.75
2012-12-17,83.88
2012-12-18,83.87
2012-12-19,84.47
2012-12-20,84.19
2012-12-21,84.03
2012-12-24,84.46
2012-12-27,85.84
2012-12-28,86.1
2012-12-31,86.11
2013-01-02,87.0
2013-01-03,86.96
2013-01-04,88.35
2013-01-07,87.8
2013-01-08,87.54
2013-01-09,87.58
2013-01-10,88.28
2013-01-11,89.03
2013-01-14,89.27
2013-01-15,88.57
2013-01-16,88.17
2013-01-17,89.26
2013-01-18,89.97
2013-01-21,89.6
2013-01-22,88.74
2013-01-23,88.51
2013-01-24,89.69
2013-01-25,91.11
2013-01-28,90.9
2013-01-29,90.46
2013-01-30,91.24
2013-01-31,91.01
2013-02-01,92.19
2013-02-04,92.7
2013-02-05,93.32
2013-02-06,93.57
2013-02-07,93.67
2013-02-08,92.36
2013-02-11,93.44
2013-02-12,94.21
2013-02-13,93.43
2013-02-14,93.34
2013-02-15,93.08
2013-02-18,93.8
2013-02-19,93.5
2013-02-20,93.56
2013-02-21,93.17
2013-02-22,93.27
2013-02-25,93.96
2013-02-26,91.92
2013-02-27,91.67
2013-02-28,92.22
2013-03-01,92.72
2013-03-04,93.54
2013-03-05,93.18
2013-03-06,93.48
2013-03-07,94.39
2013-03-08,95.87
2013-03-11,96.13
2013-03-12,95.95
2013-03-13,95.98
2013-03-14,96.46
2013-03-15,95.95
2013-03-18,95.04
2013-03-19,95.4
2013-03-20,95.55
2013-03-21,95.24
2013-03-22,94.88
2013-03-25,94.74
2013-03-26,94.28
2013-03-27,94.22
2013-03-28,94.39
2013-04-02,93.29
2013-04-03,93.51
2013-04-04,95.42
2013-04-05,96.18
2013-04-08,98.64
2013-04-09,98.87
2013-04-10,99.11
2013-04-11,99.39
2013-04-12,99.25
2013-04-15,97.72
2013-04-16,97.78
2013-04-17,97.96
2013-04-18,98.43
2013-04-19,99.28
2013-04-22,99.72
2013-04-23,98.97
2013-04-24,99.54
2013-04-25,99.14
2013-04-26,98.57
2013-04-29,97.82
2013-04-30,97.42
2013-05-02,97.82
2013-05-03,98.06
2013-05-06,99.32
2013-05-07,99.17
2013-05-08,98.89
2013-05-09,98.77
2013-05-10,101.59
2013-05-13,101.76
2013-05-14,101.63
2013-05-15,102.64
2013-05-16,102.52
2013-05-17,102.47
2013-05-20,102.59
2013-05-21,102.85
2013-05-22,103.12
2013-05-23,101.7
2013-05-24,101.44
2013-05-27,100.93
2013-05-28,102.01
2013-05-29,101.07
2013-05-30,101.75
2013-05-31,100.32
2013-06-03,100.22
2013-06-04,100.27
2013-06-05,99.59
2013-06-06,99.07
2013-06-07,95.63
2013-06-10,98.77
2013-06-11,96.89
2013-06-12,96.63
2013-06-13,94.15
2013-06-14,94.99
2013-06-17,94.74
2013-06-18,95.37
2013-06-19,95.06
2013-06-20,97.92
2013-06-21,97.62
2013-06-24,98.23
2013-06-25,97.3
2013-06-26,97.77
2013-06-27,98.17
2013-06-28,98.92
2013-07-01,99.71
2013-07-02,99.93
2013-07-03,99.43
2013-07-04,99.85
2013-07-05,100.11
2013-07-08,101.2
2013-07-09,101.17
2013-07-10,100.24
2013-07-11,99.38
2013-07-12,99.55
2013-07-15,100.43
2013-07-16,99.37
2013-07-17,99.84
2013-07-18,100.22
2013-07-19,100.34
2013-07-22,99.86
2013-07-23,100.08
2013-07-24,100.11
2013-07-25,99.84
2013-07-26,98.67
2013-07-29,97.9
2013-07-30,97.85
2013-07-31,97.93
2013-08-01,98.74
2013-08-02,99.81
2013-08-05,98.53
2013-08-06,98.09
2013-08-07,97.11
2013-08-08,96.32
2013-08-09,96.43
2013-08-12,96.88
2013-08-13,98.02
2013-08-14,98.29
2013-08-15,98.13
2013-08-16,97.47
2013-08-19,97.96
2013-08-20,97.32
2013-08-21,97.52
2013-08-22,98.66
2013-08-23,99.1
2013-08-26,98.6
2013-08-27,97.52
2013-08-28,97.48
2013-08-29,98.25
2013-08-30,98.23
2013-09-02,99.26
2013-09-03,99.44
2013-09-04,99.51
2013-09-05,99.71
2013-09-06,99.65
2013-09-09,99.51
2013-09-10,100.3
2013-09-11,100.21
2013-09-12,99.46
2013-09-13,99.61
2013-09-16,98.86
2013-09-17,99.16
2013-09-18,99.0
2013-09-19,99.0
2013-09-20,99.58
2013-09-23,98.9
2013-09-24,98.66
2013-09-25,98.59
2013-09-26,98.83
2013-09-27,98.46
2013-09-30,97.58
2013-10-01,97.83
2013-10-02,97.49
2013-10-03,97.7
2013-10-04,97.13
2013-10-07,96.86
2013-10-08,97.19
2013-10-09,97.34
2013-10-10,97.82
2013-10-11,98.32
2013-10-14,98.19
2013-10-15,98.49
2013-10-16,98.36
2013-10-17,97.82
2013-10-18,97.73
2013-10-21,98.17
2013-10-22,98.38
2013-10-23,97.4
2013-10-24,97.3
2013-10-25,97.37
2013-10-28,97.69
2013-10-29,97.97
2013-10-30,98.23
2013-10-31,98.23
2013-11-01,98.41
2013-11-04,98.68
2013-11-05,98.26
2013-11-06,98.64
2013-11-07,98.77
2013-11-08,97.97
2013-11-11,99.19
2013-11-12,99.66
2013-11-13,99.34
2013-11-14,99.93
2013-11-15,100.29
2013-11-18,100.04
2013-11-19,99.9
2013-11-20,99.95
2013-11-21,100.82
2013-11-22,101.15
2013-11-25,101.8
2013-11-26,101.38
2013-11-27,101.82
2013-11-28,102.31
2013-11-29,102.28
2013-12-02,102.81
2013-12-03,102.6
2013-12-04,102.49
2013-12-05,102.05
2013-12-06,102.21
2013-12-09,103.0
2013-12-10,102.8
2013-12-11,102.58
2013-12-12,102.73
2013-12-13,103.39
2013-12-16,102.98
2013-12-17,103.0
2013-12-18,103.0
2013-12-19,104.3
2013-12-20,104.47
2013-12-23,103.91
2013-12-24,104.25
2013-12-27,104.98
2013-12-30,105.22
2013-12-31,104.94
2014-01-02,105.3
2014-01-03,104.49
2014-01-06,104.6
2014-01-07,104.41
2014-01-08,104.7
2014-01-09,105.0
2014-01-10,105.0
2014-01-13,103.54
2014-01-14,103.62
2014-01-15,104.26
2014-01-16,104.59
2014-01-17,104.39
2014-01-20,103.97
2014-01-21,104.67
2014-01-22,104.36
2014-01-23,104.11
2014-01-24,102.42
2014-01-27,102.79
2014-01-28,103.02
2014-01-29,102.68
2014-01-30,102.61
2014-01-31,102.2
2014-02-03,102.1
2014-02-04,101.38
2014-02-05,101.0
2014-02-06,101.47
2014-02-07,102.25
2014-02-10,102.11
2014-02-11,102.37
2014-02-12,102.33
2014-02-13,101.95
2014-02-14,101.76
2014-02-17,101.91
2014-02-18,102.52
2014-02-19,101.91
2014-02-20,102.08
2014-02-21,102.5
2014-02-24,102.43
2014-02-25,102.26
2014-02-26,102.36
2014-02-27,101.9
2014-02-28,101.81
2014-03-03,101.33
2014-03-04,101.83
2014-03-05,102.47
2014-03-06,102.74
2014-03-07,102.94
2014-03-10,103.3
2014-03-11,103.29
2014-03-12,102.74
2014-03-13,102.78
2014-03-14,101.29
2014-03-17,101.72
2014-03-18,101.5
2014-03-19,101.57
2014-03-20,102.35
2014-03-21,102.37
2014-03-24,102.4
2014-03-25,102.41
2014-03-26,102.42
2014-03-27,102.3
2014-03-28,102.41
2014-03-31,103.29
2014-04-01,103.36
2014-04-02,103.68
2014-04-03,103.93
2014-04-04,103.89
2014-04-07,103.22
2014-04-08,102.29
2014-04-09,102.02
2014-04-10,101.68
2014-04-11,101.42
2014-04-14,101.88
2014-04-15,101.88
2014-04-16,102.28
2014-04-17,102.18
2014-04-22,102.55
2014-04-23,102.26
2014-04-24,102.48
2014-04-25,101.98
2014-04-28,102.34
2014-04-29,102.73
2014-04-30,102.58
2014-05-02,102.48
2014-05-05,101.95
2014-05-06,101.75
2014-05-07,101.73
2014-05-08,101.73
2014-05-09,101.69
2014-05-12,101.93
2014-05-13,102.35
2014-05-14,101.79
2014-05-15,101.89
2014-05-16,101.45
2014-05-19,101.2
2014-05-20,101.36
2014-05-21,101.04
2014-05-22,101.67
2014-05-23,101.92
2014-05-26,101.92
2014-05-27,101.93
2014-05-28,101.95
2014-05-29,101.63
2014-05-30,101.68
2014-06-02,102.08
2014-06-03,102.34
2014-06-04,102.58
2014-06-05,102.63
2014-06-06,102.41
2014-06-09,102.43
2014-06-10,102.33
2014-06-11,102.01
2014-06-12,102.1
2014-06-13,102.02
2014-06-16,101.84
2014-06-17,102.0
2014-06-18,102.23
2014-06-19,101.92
2014-06-20,102.06
2014-06-23,101.84
2014-06-24,101.92
2014-06-25,101.89
2014-06-26,101.79
2014-06-27,101.39
2014-06-30,101.36
2014-07-01,101.53
2014-07-02,101.53
2014-07-03,101.91
2014-07-04,102.05
2014-07-07,101.92
2014-07-08,101.74
2014-07-09,101.73
2014-07-10,101.35
2014-07-11,101.32
2014-07-14,101.48
2014-07-15,101.58
2014-07-16,101.78
2014-07-17,101.49
2014-07-18,101.35
2014-07-21,101.32
2014-07-22,101.57
2014-07-23,101.38
2014-07-24,101.67
2014-07-25,101.91
2014-07-28,101.79
2014-07-29,102.05
2014-07-30,102.27
2014-07-31,102.89
2014-08-01,102.96
2014-08-04,102.61
2014-08-05,102.72
2014-08-06,102.35
2014-08-07,102.3
2014-08-08,101.92
2014-08-11,102.14
2014-08-12,102.27
2014-08-13,102.46
2014-08-14,102.44
2014-08-15,102.58
2014-08-18,102.53
2014-08-19,102.68
2014-08-20,103.3
2014-08-21,103.84
2014-08-22,103.79
2014-08-25,103.89
2014-08-26,103.96
2014-08-27,103.88
2014-08-28,103.72
2014-08-29,103.97
2014-09-01,104.29
2014-09-02,104.94
2014-09-03,105.02
2014-09-04,105.18
2014-09-05,105.24
2014-09-08,105.29
2014-09-09,106.11
2014-09-10,106.66
2014-09-11,107.04
2014-09-12,107.28
2014-09-15,107.26
2014-09-16,107.09
2014-09-17,107.32
2014-09-18,108.85
2014-09-19,108.81
2014-09-22,109.06
2014-09-23,108.49
2014-09-24,108.76
2014-09-25,109.25
2014-09-26,109.12
2014-09-29,109.42
2014-09-30,109.76
2014-10-01,109.92
2014-10-02,108.84
2014-10-03,108.96
2014-10-06,109.23
2014-10-07,108.59
2014-10-08,108.32
2014-10-09,107.63
2014-10-10,107.83
2014-10-13,107.22
2014-10-14,106.98
2014-10-15,106.98
2014-10-16,105.85
2014-10-17,106.41
2014-10-20,106.96
2014-10-21,106.72
2014-10-22,106.98
2014-10-23,107.68
2014-10-24,107.94
2014-10-27,107.86
2014-10-28,107.82
2014-10-29,108.15
2014-10-30,108.96
2014-10-31,111.93
2014-11-03,113.82
2014-11-04,113.44
2014-11-05,114.75
2014-11-06,114.51
2014-11-07,115.3
2014-11-10,114.18
2014-11-11,115.81
2014-11-12,115.21
2014-11-13,115.5
2014-11-14,116.55
2014-11-17,116.28
2014-11-18,116.6
2014-11-19,117.63
2014-11-20,118.23
2014-11-21,117.9
2014-11-24,118.31
2014-11-25,118.05
2014-11-26,117.76
2014-11-27,117.52
2014-11-28,118.31
2014-12-01,118.39
2014-12-02,119.19
2014-12-03,119.37
2014-12-04,119.93
2014-12-05,120.55
2014-12-08,121.1
2014-12-09,119.67
2014-12-10,118.89
2014-12-11,118.44
2014-12-12,118.4
2014-12-15,118.84
2014-12-16,116.29
2014-12-17,117.2
2014-12-18,118.81
2014-12-19,119.24
2014-12-22,119.96
2014-12-23,120.2
2014-12-24,120.36
2014-12-29,120.49
2014-12-30,119.58
2014-12-31,119.62
2015-01-02,120.58
2015-01-05,120.02
2015-01-06,118.93
2015-01-07,119.32
2015-01-08,119.82
2015-01-09,119.2
2015-01-12,119.08
2015-01-13,118.45
2015-01-14,116.76
2015-01-15,116.57
2015-01-16,116.55
2015-01-19,117.42
2015-01-20,118.64
2015-01-21,117.37
2015-01-22,117.66
2015-01-23,117.99
2015-01-26,118.31
2015-01-27,117.71
2015-01-28,117.86
2015-01-29,117.92
2015-01-30,117.72
2015-02-02,117.65
2015-02-03,117.33
2015-02-04,117.5
2015-02-05,117.42
2015-02-06,117.31
2015-02-09,118.6
2015-02-10,119.21
2015-02-11,119.76
2015-02-12,119.81
2015-02-13,119.02
2015-02-16,118.57
2015-02-17,118.8
2015-02-18,119.32
2015-02-19,119.01
2015-02-20,118.53
2015-02-23,119.05
2015-02-24,119.49
2015-02-25,118.91
2015-02-26,118.88
2015-02-27,119.26
2015-03-02,119.77
2015-03-03,119.75
2015-03-04,119.7
2015-03-05,120.25
2015-03-06,119.93
2015-03-09,120.91
2015-03-10,121.34
2015-03-11,121.32
2015-03-12,120.88
2015-03-13,121.46
2015-03-16,121.21
2015-03-17,121.2
2015-03-18,121.18
2015-03-19,120.93
2015-03-20,120.88
2015-03-23,119.87
2015-03-24,119.53
2015-03-25,119.37
2015-03-26,119.08
2015-03-27,119.19
2015-03-30,119.89
2015-03-31,119.85
2015-04-01,120.21
2015-04-02,119.66
2015-04-07,120.15
2015-04-08,119.77
2015-04-09,119.94
2015-04-10,120.45
2015-04-13,120.55
2015-04-14,119.91
2015-04-15,119.6
2015-04-16,119.17
2015-04-17,118.78
2015-04-20,119.07
2015-04-21,119.39
2015-04-22,119.57
2015-04-23,120.09
2015-04-24,119.51
2015-04-27,119.41
2015-04-28,119.05
2015-04-29,119.25
2015-04-30,118.82
2015-05-04,120.22
2015-05-05,120.46
2015-05-06,119.85
2015-05-07,119.17
2015-05-08,120.22
2015-05-11,119.94
2015-05-12,119.98
2015-05-13,119.7
2015-05-14,119.2
2015-05-15,119.86
2015-05-18,119.7
2015-05-19,120.18
2015-05-20,120.91
2015-05-21,121.07
2015-05-22,120.93
2015-05-25,121.51
2015-05-26,122.71
2015-05-27,123.7
2015-05-28,124.23
2015-05-29,123.93
2015-06-01,124.08
2015-06-02,124.69
2015-06-03,124.36
2015-06-04,124.12
2015-06-05,124.77
2015-06-08,125.28
2015-06-09,124.06
2015-06-10,122.96
2015-06-11,123.71
2015-06-12,123.69
2015-06-15,123.5
2015-06-16,123.42
2015-06-17,123.93
2015-06-18,122.71
2015-06-19,123.19
2015-06-22,123.23
2015-06-23,123.81
2015-06-24,123.9
2015-06-25,123.61
2015-06-26,123.71
2015-06-29,122.89
2015-06-30,122.45
2015-07-01,123.09
2015-07-02,123.64
2015-07-03,122.91
2015-07-06,122.74
2015-07-07,122.48
2015-07-08,121.44
2015-07-09,121.49
2015-07-10,122.38
2015-07-13,123.36
2015-07-14,123.31
2015-07-15,123.49
2015-07-16,124.14
2015-07-17,123.99
2015-07-20,124.24
2015-07-21,124.39
2015-07-22,123.81
2015-07-23,123.78
2015-07-24,124.05
2015-07-27,123.2
2015-07-28,123.77
2015-07-29,123.75
2015-07-30,124.37
2015-07-31,124.32
2015-08-03,124.25
2015-08-04,124.0
2015-08-05,124.26
2015-08-06,124.89
2015-08-07,124.7
2015-08-10,124.7
2015-08-11,124.82
2015-08-12,124.11
2015-08-13,124.43
2015-08-14,124.16
2015-08-17,124.52
2015-08-18,124.27
2015-08-19,124.36
2015-08-20,123.85
2015-08-21,122.68
2015-08-24,119.86
2015-08-25,119.8
2015-08-26,119.68
2015-08-27,120.19
2015-08-28,120.84
2015-08-31,121.33
2015-09-01,120.03
2015-09-02,120.13
2015-09-03,120.21
2015-09-04,119.25
2015-09-07,119.41
2015-09-08,119.89
2015-09-09,120.88
2015-09-10,121.04
2015-09-11,120.71
2015-09-14,120.34
2015-09-15,119.65
2015-09-16,120.64
2015-09-17,120.9
2015-09-18,119.37
2015-09-21,120.44
2015-09-22,119.9
2015-09-23,120.21
2015-09-24,119.63
2015-09-25,120.99
2015-09-28,120.08
2015-09-29,119.94
2015-09-30,120.23
2015-10-01,119.75
2015-10-02,120.29
2015-10-05,120.21
2015-10-06,120.34
2015-10-07,120.1
2015-10-08,119.89
2015-10-09,120.27
2015-10-12,120.12
2015-10-13,119.71
2015-10-14,119.61
2015-10-15,118.22
2015-10-16,119.06
2015-10-19,119.38
2015-10-20,119.72
2015-10-21,120.05
2015-10-22,119.76
2015-10-23,120.71
2015-10-26,121.02
2015-10-27,120.3
2015-10-28,120.32
2015-10-29,121.04
2015-10-30,120.61
2015-11-02,120.58
2015-11-03,120.85
2015-11-04,121.12
2015-11-05,121.89
2015-11-06,121.88
2015-11-09,123.5
2015-11-10,123.22
2015-11-11,123.09
2015-11-12,122.99
2015-11-13,122.67
2015-11-16,123.11
2015-11-17,123.23
2015-11-18,123.43
2015-11-19,123.14
2015-11-20,122.83
2015-11-23,123.15
2015-11-24,122.54
2015-11-25,122.75
2015-11-26,122.56
2015-11-27,122.64
2015-11-30,123.09
2015-12-01,123.18
2015-12-02,123.16
2015-12-03,123.31
2015-12-04,122.99
2015-12-07,123.42
2015-12-08,122.89
2015-12-09,122.51
2015-12-10,121.51
2015-12-11,121.48
2015-12-14,120.68
2015-12-15,120.99
2015-12-16,121.81
2015-12-17,122.52
2015-12-18,121.45
2015-12-21,121.37
2015-12-22,120.91
2015-12-23,120.85
2015-12-24,120.43
2015-12-28,120.46
2015-12-29,120.42
2015-12-30,120.5
2015-12-31,120.39
2016-01-04,119.09
2016-01-05,119.0
2016-01-06,118.4
2016-01-07,117.54
2016-01-08,118.32
2016-01-11,117.86
2016-01-12,117.93
2016-01-13,118.1
2016-01-14,117.75
2016-01-15,117.1
2016-01-18,117.32
2016-01-19,117.89
2016-01-20,116.7
2016-01-21,116.98
2016-01-22,118.22
2016-01-25,118.42
2016-01-26,118.32
2016-01-27,118.4
2016-01-28,118.88
2016-01-29,121.11
2016-02-01,121.27
2016-02-02,120.74
2016-02-03,119.44
2016-02-04,117.34
2016-02-05,116.68
2016-02-08,116.3
2016-02-09,114.87
2016-02-10,114.97
2016-02-11,112.19
2016-02-12,112.7
2016-02-15,114.13
2016-02-16,113.76
2016-02-17,114.13
2016-02-18,113.83
2016-02-19,113.01
2016-02-22,113.23
2016-02-23,111.91
2016-02-24,111.88
2016-02-25,112.46
2016-02-26,113.05
2016-02-29,113.1
2016-03-01,113.08
2016-03-02,114.29
2016-03-03,113.96
2016-03-04,113.74
2016-03-07,113.62
2016-03-08,112.99
2016-03-09,112.67
2016-03-10,114.09
2016-03-11,113.77
2016-03-14,113.64
2016-03-15,112.85
2016-03-16,113.59
2016-03-17,111.64
2016-03-18,111.53
2016-03-21,111.74
2016-03-22,111.6
2016-03-23,112.8
2016-03-24,112.44
2016-03-29,113.57
2016-03-30,112.48
2016-03-31,112.34
2016-04-01,112.03
2016-04-04,111.57
2016-04-05,110.68
2016-04-06,110.38
2016-04-07,108.37
2016-04-08,108.56
2016-04-11,108.24
2016-04-12,108.32
2016-04-13,109.28
2016-04-14,109.39
2016-04-15,108.92
2016-04-18,108.19
2016-04-19,109.41
2016-04-20,109.15
2016-04-21,109.64
2016-04-22,110.86
2016-04-25,110.93
2016-04-26,111.15
2016-04-27,111.29
2016-04-28,108.15
2016-04-29,107.29
2016-05-02,106.56
2016-05-03,105.91
2016-05-04,106.58
2016-05-05,107.1
2016-05-06,106.97
2016-05-09,108.28
2016-05-10,109.12
2016-05-11,108.77
2016-05-12,109.32
2016-05-13,108.88
2016-05-16,108.86
2016-05-17,109.5
2016-05-18,109.39
2016-05-19,110.0
2016-05-20,110.36
2016-05-23,109.41
2016-05-24,109.74
2016-05-25,110.17
2016-05-26,110.07
2016-05-27,109.65
2016-05-30,111.19
2016-05-31,111.02
2016-06-01,109.24
2016-06-02,109.01
2016-06-03,108.9
2016-06-06,107.13
2016-06-07,107.65
2016-06-08,107.02
2016-06-09,106.43
2016-06-10,106.86
2016-06-13,106.06
2016-06-14,106.0
2016-06-15,106.22
2016-06-16,104.39
2016-06-17,104.27
2016-06-20,104.63
2016-06-21,104.64
2016-06-22,104.59
2016-06-23,105.7
2016-06-24,102.32
2016-06-27,101.65
2016-06-28,102.41
2016-06-29,102.66
2016-06-30,102.73
2016-07-01,102.64
2016-07-04,102.61
2016-07-05,101.83
2016-07-06,100.71
2016-07-07,100.99
2016-07-08,100.42
2016-07-11,102.48
2016-07-12,103.94
2016-07-13,104.61
2016-07-14,105.66
2016-07-15,105.71
2016-07-18,105.69
2016-07-19,106.21
2016-07-20,106.54
2016-07-21,106.26
2016-07-22,106.1
2016-07-25,106.21
2016-07-26,104.27
2016-07-27,105.75
2016-07-28,104.72
2016-07-29,103.33
2016-08-01,102.36
2016-08-02,101.6
2016-08-03,101.09
2016-08-04,101.17
2016-08-05,101.05
2016-08-08,102.45
2016-08-09,102.25
2016-08-10,101.12
2016-08-11,101.36
2016-08-12,101.96
2016-08-15,101.05
2016-08-16,99.81
2016-08-17,100.68
2016-08-18,100.34
2016-08-19,100.24
2016-08-22,100.59
2016-08-23,100.08
2016-08-24,100.24
2016-08-25,100.49
2016-08-26,100.38
2016-08-29,102.27
2016-08-30,102.32
2016-08-31,103.31
2016-09-01,103.71
2016-09-02,103.48
2016-09-05,103.3
2016-09-06,103.41
2016-09-07,101.66
2016-09-08,101.63
2016-09-09,102.81
2016-09-12,101.89
2016-09-13,102.23
2016-09-14,102.84
2016-09-15,102.17
2016-09-16,101.86
2016-09-19,101.79
2016-09-20,101.87
2016-09-21,100.89
2016-09-22,100.72
2016-09-23,100.78
2016-09-26,100.44
2016-09-27,100.29
2016-09-28,100.61
2016-09-29,101.49
2016-09-30,101.33
2016-10-03,101.37
2016-10-04,102.59
2016-10-05,103.16
2016-10-06,103.71
2016-10-07,103.63
2016-10-10,103.4
2016-10-11,103.71
2016-10-12,103.9
2016-10-13,103.72
2016-10-14,104.31
2016-10-17,104.11
2016-10-18,104.04
2016-10-19,103.37
2016-10-20,103.61
2016-10-21,103.77
2016-10-24,104.02
2016-10-25,104.53
2016-10-26,104.32
2016-10-27,104.69
2016-10-28,105.38
2016-10-31,105.03
2016-11-01,104.83
2016-11-02,103.31
2016-11-03,103.26
2016-11-04,102.98
2016-11-07,104.32
2016-11-08,104.78
2016-11-09,103.92
2016-11-10,106.84
2016-11-11,106.35
2016-11-14,107.89
2016-11-15,108.27
2016-11-16,109.56
2016-11-17,109.28
2016-11-18,110.03
2016-11-21,110.61
2016-11-22,110.9
2016-11-23,111.34
2016-11-24,113.23
2016-11-25,113.04
2016-11-28,112.63
2016-11-29,112.97
2016-11-30,113.29
2016-12-01,114.23
2016-12-02,113.89
2016-12-05,114.3
2016-12-06,113.92
2016-12-07,114.09
2016-12-08,113.93
2016-12-09,115.05
2016-12-12,115.79
2016-12-13,115.24
2016-12-14,114.98
2016-12-15,118.08
2016-12-16,118.19
2016-12-19,117.24
2016-12-20,118.13
2016-12-21,117.37
2016-12-22,117.64
2016-12-23,117.37
2016-12-27,117.39
2016-12-28,117.67
2016-12-29,116.75
2016-12-30,117.07
2017-01-02,117.46
2017-01-03,118.2
2017-01-04,117.51
2017-01-05,116.54
2017-01-06,116.0
2017-01-09,116.64
2017-01-10,116.25
2017-01-11,116.29
2017-01-12,113.95
2017-01-13,114.35
2017-01-16,114.13
2017-01-17,113.35
2017-01-18,113.51
2017-01-19,114.58
2017-01-20,115.19
2017-01-23,113.6
2017-01-24,113.37
2017-01-25,113.37
2017-01-26,114.39
2017-01-27,115.17
2017-01-30,114.54
2017-01-31,113.38
2017-02-01,113.3
2017-02-02,112.32
2017-02-03,113.11
2017-02-06,112.29
2017-02-07,112.36
2017-02-08,111.95
2017-02-09,112.27
2017-02-10,113.51
2017-02-13,113.75
2017-02-14,113.37
2017-02-15,114.5
2017-02-16,113.55
2017-02-17,112.75
2017-02-20,113.14
2017-02-21,113.67
2017-02-22,112.99
2017-02-23,112.83
2017-02-24,112.21
2017-02-27,112.28
2017-02-28,112.14
2017-03-01,113.78
2017-03-02,114.36
2017-03-03,114.37
2017-03-06,113.81
2017-03-07,114.04
2017-03-08,114.3
2017-03-09,114.63
2017-03-10,115.43
2017-03-13,114.74
2017-03-14,114.88
2017-03-15,114.64
2017-03-16,113.32
2017-03-17,113.15
2017-03-20,112.71
2017-03-21,112.55
2017-03-22,111.1
2017-03-23,110.66
2017-03-24,111.14
2017-03-27,110.14
2017-03-28,110.36
2017-03-29,110.88
2017-03-30,111.19
2017-03-31,111.82
2017-04-03,111.28
2017-04-04,110.37
2017-04-05,110.97
2017-04-06,110.85
2017-04-07,110.67
2017-04-10,111.29
2017-04-11,110.55
2017-04-12,109.59
2017-04-13,109.13
2017-04-18,108.84
2017-04-19,109.01
2017-04-20,109.04
2017-04-21,109.1
2017-04-24,110.32
2017-04-25,110.49
2017-04-26,111.4
2017-04-27,111.45
2017-04-28,111.4
2017-05-02,112.28
2017-05-03,112.16
2017-05-04,112.85
2017-05-05,112.48
2017-05-08,112.54
2017-05-09,113.92
2017-05-10,113.8
2017-05-11,113.9
2017-05-12,113.85
2017-05-15,113.43
2017-05-16,113.64
2017-05-17,112.28
2017-05-18,110.57
2017-05-19,111.24
2017-05-22,111.34
2017-05-23,111.12
2017-05-24,111.81
2017-05-25,111.76
2017-05-26,111.09
2017-05-29,111.34
2017-05-30,110.95
2017-05-31,110.86
2017-06-01,111.0
2017-06-02,111.46
2017-06-05,110.5
2017-06-06,109.36
2017-06-07,109.46
2017-06-08,110.22
2017-06-09,110.45
2017-06-12,109.88
2017-06-13,110.04
2017-06-14,110.31
2017-06-15,110.11
2017-06-16,111.34
2017-06-19,110.96
2017-06-20,111.38
2017-06-21,111.43
2017-06-22,111.26
2017-06-23,111.3
2017-06-26,111.67
2017-06-27,111.86
2017-06-28,112.11
2017-06-29,112.67
2017-06-30,111.94
2017-07-03,112.99
2017-07-04,113.25
2017-07-05,113.55
2017-07-06,113.32
2017-07-07,113.74
2017-07-10,114.15
2017-07-11,114.3
2017-07-12,113.56
2017-07-13,113.14
2017-07-14,113.1
2017-07-17,112.42
2017-07-18,112.04
2017-07-19,111.88
2017-07-20,112.25
2017-07-21,111.42
2017-07-24,110.83
2017-07-25,111.41
2017-07-26,111.87
2017-07-27,111.44
2017-07-28,111.15
2017-07-31,110.6
2017-08-01,110.51
2017-08-02,110.73
2017-08-03,110.38
2017-08-04,110.1
2017-08-07,110.86
2017-08-08,110.3
2017-08-09,109.74
2017-08-10,109.75
2017-08-11,109.15
2017-08-14,109.59
2017-08-15,110.41
2017-08-16,110.84
2017-08-17,110.12
2017-08-18,109.05
2017-08-21,108.98
2017-08-22,109.36
2017-08-23,109.09
2017-08-24,109.32
2017-08-25,109.75
2017-08-28,109.3
2017-08-29,108.62
2017-08-30,110.15
2017-08-31,110.62
2017-09-01,110.14
2017-09-04,109.7
2017-09-05,109.33
2017-09-06,108.89
2017-09-07,108.88
2017-09-08,107.38
2017-09-11,108.68
2017-09-12,109.72
2017-09-13,110.02
2017-09-14,110.69
2017-09-15,111.11
2017-09-18,111.39
2017-09-19,111.46
2017-09-20,111.29
2017-09-21,112.44
2017-09-22,112.04
2017-09-25,112.24
2017-09-26,111.98
2017-09-27,112.94
2017-09-28,112.55
2017-09-29,112.5
2017-10-02,112.82
2017-10-03,112.97
2017-10-04,112.39
2017-10-05,112.46
2017-10-06,112.95
2017-10-09,112.69
2017-10-10,112.36
2017-10-11,112.19
2017-10-12,112.28
2017-10-13,112.18
2017-10-16,111.83
2017-10-17,112.2
2017-10-18,112.88
2017-10-19,112.54
2017-10-20,113.17
2017-10-23,113.79
2017-10-24,113.89
2017-10-25,114.05
2017-10-26,113.8
2017-10-27,114.19
2017-10-30,113.53
2017-10-31,113.42
2017-11-01,114.19
2017-11-02,114.13
2017-11-03,113.94
2017-11-06,114.14
2017-11-07,114.19
2017-11-08,113.49
2017-11-09,113.28
2017-11-10,113.33
2017-11-13,113.31
2017-11-14,113.49
2017-11-15,112.71
2017-11-16,113.09
2017-11-17,112.61
2017-11-20,112.13
2017-11-21,112.54
2017-11-22,112.02
2017-11-23,111.23
2017-11-24,111.34
2017-11-27,111.02
2017-11-28,111.24
2017-11-29,111.81
2017-11-30,112.31
2017-12-01,112.49
2017-12-04,112.86
2017-12-05,112.58
2017-12-06,112.14
2017-12-07,112.74
2017-12-08,113.49
2017-12-11,113.31
2017-12-12,113.5
2017-12-13,113.32
2017-12-14,112.61
2017-12-15,112.19
2017-12-18,112.47
2017-12-19,112.69
2017-12-20,113.26
2017-12-21,113.49
2017-12-22,113.36
2017-12-27,113.24
2017-12-28,112.9
2017-12-29,112.57
2018-01-02,112.18
2018-01-03,112.26
2018-01-04,112.66
2018-01-05,113.28
2018-01-08,113.04
2018-01-09,112.56
2018-01-10,111.42
2018-01-11,111.67
2018-01-12,111.13
2018-01-15,110.62
2018-01-16,110.71
2018-01-17,110.8
2018-01-18,111.21
2018-01-19,110.6
2018-01-22,110.84
2018-01-23,110.5
2018-01-24,109.4
2018-01-25,108.91
2018-01-26,109.32
2018-01-29,108.85
2018-01-30,108.67
2018-01-31,108.85
2018-02-01,109.66
2018-02-02,109.85
2018-02-05,109.86
2018-02-06,109.47
2018-02-07,109.29
2018-02-08,109.62
2018-02-09,108.85
2018-02-12,108.64
2018-02-13,107.69
2018-02-14,107.22
2018-02-15,106.55
2018-02-16,106.18
2018-02-19,106.56
2018-02-20,107.17
2018-02-21,107.55
2018-02-22,107.1
2018-02-23,106.74
2018-02-26,106.82
2018-02-27,107.12
2018-02-28,107.02
2018-03-01,106.79
2018-03-02,105.4
2018-03-05,105.65
2018-03-06,106.23
2018-03-07,105.83
2018-03-08,106.13
2018-03-09,106.83
2018-03-12,106.52
2018-03-13,106.89
2018-03-14,106.53
2018-03-15,106.07
2018-03-16,105.85
2018-03-19,106.14
2018-03-20,106.48
2018-03-21,106.22
2018-03-22,105.35
2018-03-23,105.09
2018-03-26,105.12
2018-03-27,105.88
2018-03-28,106.15
2018-03-29,106.44
2018-04-03,106.24
2018-04-04,106.25
2018-04-05,107.06
2018-04-06,107.34
2018-04-09,107.01
2018-04-10,107.01
2018-04-11,106.8
2018-04-12,107.15
2018-04-13,107.69
2018-04-16,107.33
2018-04-17,107.11
2018-04-18,107.22
2018-04-19,107.32
2018-04-20,107.57
2018-04-23,108.17
2018-04-24,108.83
2018-04-25,109.18
2018-04-26,109.2
2018-04-27,109.32
2018-04-30,109.38
2018-05-02,109.8
2018-05-03,109.26
2018-05-04,108.92
2018-05-07,109.35
2018-05-08,109.06
2018-05-09,109.64
2018-05-10,109.63
2018-05-11,109.3
2018-05-14,109.5
2018-05-15,110.05
2018-05-16,110.17
2018-05-17,110.68
2018-05-18,110.93
2018-05-21,111.27
2018-05-22,110.82
2018-05-23,109.85
2018-05-24,109.53
2018-05-25,109.4
2018-05-28,109.35
2018-05-29,108.91
2018-05-30,108.98
2018-05-31,108.84
2018-06-01,109.47
2018-06-04,109.43
2018-06-05,109.7
2018-06-06,110.13
2018-06-07,110.05
2018-06-08,109.44
2018-06-11,109.94
2018-06-12,110.31
2018-06-13,110.53
2018-06-14,110.1
2018-06-15,110.65
2018-06-18,110.45
2018-06-19,109.92
2018-06-20,110.03
2018-06-21,110.58
2018-06-22,110.15
2018-06-25,109.58
2018-06-26,109.62
2018-06-27,110.26
2018-06-28,110.19
2018-06-29,110.69
2018-07-02,110.71
2018-07-03,110.66
2018-07-04,110.5
2018-07-05,110.62
2018-07-06,110.59
2018-07-09,110.45
2018-07-10,111.24
2018-07-11,111.23
2018-07-12,112.48
2018-07-13,112.55
2018-07-16,112.33
2018-07-17,112.59
2018-07-18,112.76
2018-07-19,113.03
2018-07-20,112.2
2018-07-23,111.11
2018-07-24,111.11
2018-07-25,111.04
2018-07-26,110.88
2018-07-27,111.18
2018-07-30,111.08
2018-07-31,111.49
2018-08-01,111.84
2018-08-02,111.41
2018-08-03,111.58
2018-08-06,111.48
2018-08-07,111.08
2018-08-08,111.07
2018-08-09,111.14
2018-08-10,110.92
2018-08-13,110.59
2018-08-14,110.84
2018-08-15,111.01
2018-08-16,110.84
2018-08-17,110.39
2018-08-20,110.55
2018-08-21,110.42
2018-08-22,110.26
2018-08-23,110.81
2018-08-24,111.3
2018-08-27,111.03
2018-08-28,111.04
2018-08-29,111.26
2018-08-30,111.46
2018-08-31,110.76
2018-09-03,111.15
2018-09-04,111.23
2018-09-05,111.53
2018-09-06,111.35
2018-09-07,110.84
2018-09-10,111.09
2018-09-11,111.3
2018-09-12,111.46
2018-09-13,111.6
2018-09-14,111.86
2018-09-17,112.06
2018-09-18,112.17
2018-09-19,112.23
2018-09-20,112.14
2018-09-21,112.63
2018-09-24,112.6
2018-09-25,112.75
2018-09-26,112.98
2018-09-27,112.88
2018-09-28,113.36
2018-10-01,113.95
2018-10-02,113.89
2018-10-03,113.85
2018-10-04,114.16
2018-10-05,113.88
2018-10-08,113.36
2018-10-09,113.21
2018-10-10,113.24
2018-10-11,112.31
2018-10-12,112.31
2018-10-15,111.85
2018-10-16,112.13
2018-10-17,112.25
2018-10-18,112.51
2018-10-19,112.51
2018-10-22,112.78
2018-10-23,112.18
2018-10-24,112.71
2018-10-25,112.36
2018-10-26,112.06
2018-10-29,112.4
2018-10-30,112.8
2018-10-31,113.23
2018-11-01,112.81
2018-11-02,112.89
2018-11-05,113.29
2018-11-06,113.15
2018-11-07,113.19
2018-11-08,113.71
2018-11-09,113.93
2018-11-12,113.8
2018-11-13,113.95
2018-11-14,113.88
2018-11-15,113.37
2018-11-16,113.14
2018-11-19,112.79
2018-11-20,112.37
2018-11-21,113.1
2018-11-22,112.95
2018-11-23,112.82
2018-11-26,113.26
2018-11-27,113.58
2018-11-28,113.85
2018-11-29,113.28
2018-11-30,113.56
2018-12-03,113.57
2018-12-04,112.79
2018-12-05,113.01
2018-12-06,112.8
2018-12-07,112.88
2018-12-10,112.73
2018-12-11,113.15
2018-12-12,113.41
2018-12-13,113.5
2018-12-14,113.54
2018-12-17,113.25
2018-12-18,112.38
2018-12-19,112.33
2018-12-20,111.73
2018-12-21,111.25
2018-12-24,110.86
2018-12-27,110.87
2018-12-28,110.35
2018-12-31,109.91
2019-01-02,109.05
2019-01-03,107.69
2019-01-04,108.04
2019-01-07,108.26
2019-01-08,108.79
2019-01-09,108.86
2019-01-10,108.11
2019-01-11,108.31
2019-01-14,108.08
2019-01-15,108.56
2019-01-16,108.8
2019-01-17,108.77
2019-01-18,109.44
2019-01-21,109.66
2019-01-22,109.43
2019-01-23,109.7
2019-01-24,109.72
2019-01-25,109.92
2019-01-28,109.42
2019-01-29,109.46
2019-01-30,109.44
2019-01-31,108.64
2019-02-01,108.89
2019-02-04,109.89
2019-02-05,109.94
2019-02-06,109.75
2019-02-07,109.66
2019-02-08,109.79
2019-02-11,110.2
2019-02-12,110.39
2019-02-13,110.74
2019-02-14,111.04
2019-02-15,110.52
2019-02-18,110.55
2019-02-19,110.76
2019-02-20,110.75
2019-02-21,110.71
2019-02-22,110.87
2019-02-25,110.74
2019-02-26,110.84
2019-02-27,110.57
2019-02-28,110.76
2019-03-01,111.88
2019-03-04,111.94
2019-03-05,111.93
2019-03-06,111.81
2019-03-07,111.76
2019-03-08,111.14
2019-03-11,111.09
2019-03-12,111.1
2019-03-13,111.38
2019-03-14,111.63
2019-03-15,111.57
2019-03-18,111.5
2019-03-19,111.45
2019-03-20,111.53
2019-03-21,110.58
2019-03-22,110.25
2019-03-25,110.07
2019-03-26,110.46
2019-03-27,110.49
2019-03-28,110.68
2019-03-29,110.77
2019-04-01,110.96
2019-04-02,111.37
2019-04-03,111.45
2019-04-04,111.43
2019-04-05,111.67
2019-04-08,111.47
2019-04-09,111.3
2019-04-10,111.16
2019-04-11,111.24
2019-04-12,111.97
2019-04-15,111.96
2019-04-16,111.98
2019-04-17,111.95
2019-04-18,111.88
2019-04-23,111.89
2019-04-24,111.82
2019-04-25,111.89
2019-04-26,111.78
2019-04-29,111.78
2019-04-30,111.37
2019-05-02,111.5
2019-05-03,111.52
2019-05-06,110.84
2019-05-07,110.62
2019-05-08,110.08
2019-05-09,109.81
2019-05-10,109.75
2019-05-13,109.44
2019-05-14,109.57
2019-05-15,109.31
2019-05-16,109.62
2019-05-17,109.51
2019-05-20,109.85
2019-05-21,110.45
2019-05-22,110.35
2019-05-23,110.03
2019-05-24,109.6
2019-05-27,109.45
2019-05-28,109.41
2019-05-29,109.28
2019-05-30,109.66
2019-05-31,108.75
2019-06-03,108.33
2019-06-04,108.16
2019-06-05,108.34
2019-06-06,108.13
2019-06-07,108.46
2019-06-10,108.65
2019-06-11,108.74
2019-06-12,108.38
2019-06-13,108.46
2019-06-14,108.21
2019-06-17,108.65
2019-06-18,108.23
2019-06-19,108.41
2019-06-20,107.64
2019-06-21,107.49
2019-06-24,107.29
2019-06-25,107.1
2019-06-26,107.73
2019-06-27,107.86
2019-06-28,107.73
2019-07-01,108.32
2019-07-02,108.27
2019-07-03,107.69
2019-07-04,107.77
2019-07-05,108.14
2019-07-08,108.6
2019-07-09,108.82
2019-07-10,108.91
2019-07-11,108.05
2019-07-12,108.26
2019-07-15,107.92
2019-07-16,107.93
2019-07-17,108.27
2019-07-18,107.78
2019-07-19,107.72
2019-07-22,107.92
2019-07-23,108.14
2019-07-24,108.09
2019-07-25,108.1
2019-07-26,108.69
2019-07-29,108.65
2019-07-30,108.48
2019-07-31,108.55
2019-08-01,108.89
2019-08-02,106.76
2019-08-05,106.07
2019-08-06,106.46
2019-08-07,105.77
2019-08-08,105.99
2019-08-09,105.83
2019-08-12,105.14
2019-08-13,105.16
2019-08-14,105.9
2019-08-15,106.16
2019-08-16,106.33
2019-08-19,106.58
2019-08-20,106.35
2019-08-21,106.48
2019-08-22,106.59
2019-08-23,106.45
2019-08-26,105.86
2019-08-27,105.75
2019-08-28,105.73
2019-08-29,106.29
2019-08-30,106.27
2019-09-02,106.36
2019-09-03,106.11
2019-09-04,106.22
2019-09-05,106.68
2019-09-06,107.02
2019-09-09,106.96
2019-09-10,107.36
2019-09-11,107.71
2019-09-12,107.76
2019-09-13,107.99
2019-09-16,107.84
2019-09-17,108.14
2019-09-18,108.15
2019-09-19,107.94
2019-09-20,107.99
2019-09-23,107.48
2019-09-24,107.65
2019-09-25,107.45
2019-09-26,107.63
2019-09-27,108.1
2019-09-30,107.99
2019-10-01,108.28
2019-10-02,107.52
2019-10-03,106.99
2019-10-04,106.78
2019-10-07,106.83
2019-10-08,106.89
2019-10-09,107.38
2019-10-10,107.45
2019-10-11,108.44
2019-10-14,108.24
2019-10-15,108.32
2019-10-16,108.75
2019-10-17,108.71
2019-10-18,108.55
2019-10-21,108.56
2019-10-22,108.6
2019-10-23,108.45
2019-10-24,108.61
2019-10-25,108.57
2019-10-28,108.86
2019-10-29,108.95
2019-10-30,108.94
2019-10-31,108.24
2019-11-01,108.12
2019-11-04,108.38
2019-11-05,108.86
2019-11-06,109.0
2019-11-07,109.15
2019-11-08,109.41
2019-11-11,108.95
2019-11-12,109.16
2019-11-13,108.84
2019-11-14,108.66
2019-11-15,108.71
2019-11-18,108.99
2019-11-19,108.75
2019-11-20,108.47
2019-11-21,108.61
2019-11-22,108.55
2019-11-25,108.9
2019-11-26,108.97
2019-11-27,109.17
2019-11-28,109.5
2019-11-29,109.66
2019-12-02,109.54
2019-12-03,108.74
2019-12-04,108.7
2019-12-05,108.79
2019-12-06,108.56
2019-12-09,108.49
2019-12-10,108.58
2019-12-11,108.75
2019-12-12,108.6
2019-12-13,109.57
2019-12-16,109.43
2019-12-17,109.58
2019-12-18,109.59
2019-12-19,109.5
2019-12-20,109.32
2019-12-23,109.42
2019-12-24,109.38
2019-12-27,109.59
2019-12-30,109.21
2019-12-31,108.55
2020-01-02,108.77
2020-01-03,108.14
2020-01-06,108.11
2020-01-07,108.44
2020-01-08,108.74
2020-01-09,109.4
2020-01-10,109.64
2020-01-13,109.88
2020-01-14,110.05
2020-01-15,109.88
2020-01-16,109.95
2020-01-17,110.11
2020-01-20,110.18
2020-01-21,110.04
2020-01-22,109.97
2020-01-23,109.55
2020-01-24,109.61
2020-01-27,108.94
2020-01-28,109.06
2020-01-29,109.14
2020-01-30,108.83
2020-01-31,108.89
2020-02-03,108.53
2020-02-04,109.09
2020-02-05,109.72
2020-02-06,109.85
2020-02-07,109.86
2020-02-10,109.74
2020-02-11,109.83
2020-02-12,109.98
2020-02-13,109.7
2020-02-14,109.86
2020-02-17,109.88
2020-02-18,109.74
2020-02-19,110.51
2020-02-20,112.01
2020-02-21,111.99
2020-02-24,111.41
2020-02-25,110.63
2020-02-26,110.46
2020-02-27,109.87
2020-02-28,108.74
2020-03-02,107.73
2020-03-03,107.74
2020-03-04,107.49
2020-03-05,106.94
2020-03-06,105.05
2020-03-09,102.23
2020-03-10,104.17
2020-03-11,104.58
2020-03-12,103.95
2020-03-13,107.27
2020-03-16,105.55
2020-03-17,106.99
2020-03-18,107.72
2020-03-19,109.83
2020-03-20,110.55
2020-03-23,110.46
2020-03-24,110.66
2020-03-25,111.45
2020-03-26,109.44
2020-03-27,108.74
2020-03-30,108.16
2020-03-31,108.53
2020-04-01,107.49
2020-04-02,107.34
2020-04-03,108.58
2020-04-06,108.92
2020-04-07,108.91
2020-04-08,108.88
2020-04-09,108.89
2020-04-14,107.32
2020-04-15,107.42
2020-04-16,107.57
2020-04-17,107.61
2020-04-20,107.84
2020-04-21,107.4
2020-04-22,107.67
2020-04-23,107.45
2020-04-24,107.61
2020-04-27,107.1
2020-04-28,106.7
2020-04-29,106.55
2020-04-30,106.54
2020-05-04,106.78
2020-05-05,106.71
2020-05-06,106.09
2020-05-07,106.57
2020-05-08,106.37
2020-05-11,107.32
2020-05-12,107.35
2020-05-13,106.92
2020-05-14,107.01
2020-05-15,106.99
2020-05-18,107.38
2020-05-19,107.76
2020-05-20,107.64
2020-05-21,107.65
2020-05-22,107.54
2020-05-25,107.67
2020-05-26,107.44
2020-05-27,107.89
2020-05-28,107.73
2020-05-29,107.12
2020-06-01,107.73
2020-06-02,108.13
2020-06-03,108.58
2020-06-04,108.87
2020-06-05,109.24
2020-06-08,109.36
2020-06-09,108.15
2020-06-10,107.39
2020-06-11,107.08
2020-06-12,107.27
2020-06-15,107.38
2020-06-16,107.35
2020-06-17,107.42
2020-06-18,106.93
2020-06-19,106.84
2020-06-22,106.92
2020-06-23,106.95
2020-06-24,106.65
2020-06-25,107.37
2020-06-26,106.96
2020-06-29,107.29
2020-06-30,107.75
2020-07-01,107.42
2020-07-02,107.43
2020-07-03,107.52
2020-07-06,107.53
2020-07-07,107.71
2020-07-08,107.56
2020-07-09,107.27
2020-07-10,106.85
2020-07-13,107.16
2020-07-14,107.4
2020-07-15,106.82
2020-07-16,107.1
2020-07-17,107.22
2020-07-20,107.12
2020-07-21,107.23
2020-07-22,107.05
2020-07-23,107.17
2020-07-24,106.27
2020-07-27,105.34
2020-07-28,105.27
2020-07-29,105.14
2020-07-30,105.24
2020-07-31,104.92
2020-08-03,106.18
2020-08-04,106.06
2020-08-05,105.76
2020-08-06,105.51
2020-08-07,105.7
2020-08-10,106.04
2020-08-11,106.06
2020-08-12,106.97
2020-08-13,106.97
2020-08-14,106.67
2020-08-17,106.29
2020-08-18,105.44
2020-08-19,105.37
2020-08-20,105.87
2020-08-21,105.81
2020-08-24,105.73
2020-08-25,106.37
2020-08-26,106.32
2020-08-27,106.17
2020-08-28,105.24
2020-08-31,105.92
2020-09-01,105.88
2020-09-02,106.23
2020-09-03,106.54
2020-09-04,106.22
2020-09-07,106.22
2020-09-08,106.24
2020-09-09,106.22
2020-09-10,106.14
2020-09-11,106.14
2020-09-14,105.94
2020-09-15,105.44
2020-09-16,105.08
2020-09-17,104.59
2020-09-18,104.36
2020-09-21,104.1
2020-09-22,104.58
2020-09-23,105.12
2020-09-24,105.39
2020-09-25,105.5
2020-09-28,105.42
2020-09-29,105.63
2020-09-30,105.71
2020-10-01,105.5
2020-10-02,105.2
2020-10-05,105.58
2020-10-06,105.62
2020-10-07,105.97
2020-10-08,105.98
2020-10-09,105.93
2020-10-12,105.44
2020-10-13,105.52
2020-10-14,105.28
2020-10-15,105.27
2020-10-16,105.26
2020-10-19,105.31
2020-10-20,105.66
2020-10-21,104.85
2020-10-22,104.66
2020-10-23,104.73
2020-10-26,105.03
2020-10-27,104.58
2020-10-28,104.34
2020-10-29,104.31
2020-10-30,104.6
2020-11-02,104.64
2020-11-03,104.73
2020-11-04,104.35
2020-11-05,103.64
2020-11-06,103.34
2020-11-09,104.91
2020-11-10,105.32
2020-11-11,105.45
2020-11-12,105.38
2020-11-13,104.85
2020-11-16,104.95
2020-11-17,104.17
2020-11-18,103.88
2020-11-19,104.02
2020-11-20,103.84
2020-11-23,103.75
2020-11-24,104.56
2020-11-25,104.45
2020-11-26,104.24
2020-11-27,104.2
2020-11-30,104.17
2020-12-01,104.38
2020-12-02,104.53
2020-12-03,104.1
2020-12-04,103.99
2020-12-07,104.14
2020-12-08,104.16
2020-12-09,104.1
2020-12-10,104.44
2020-12-11,104.13
2020-12-14,103.69
2020-12-15,103.86
2020-12-16,103.35
2020-12-17,103.05
2020-12-18,103.34
2020-12-21,103.54
2020-12-22,103.37
2020-12-23,103.56
2020-12-24,103.65
2020-12-28,103.56
2020-12-29,103.78
2020-12-30,103.06
2020-12-31,103.08
2021-01-04,102.98
2021-01-05,102.88
2021-01-06,102.96
2021-01-07,103.56
2021-01-08,103.89
2021-01-11,104.22
2021-01-12,104.22
2021-01-13,103.93
2021-01-14,104.1
2021-01-15,103.72
2021-01-18,103.76
2021-01-19,103.99
2021-01-20,103.81
2021-01-21,103.41
2021-01-22,103.79
2021-01-25,103.74
2021-01-26,103.71
2021-01-27,103.9
2021-01-28,104.38
2021-01-29,104.69
2021-02-01,104.91
2021-02-02,105.0
2021-02-03,105.06
2021-02-04,105.24
2021-02-05,105.75
2021-02-08,105.59
2021-02-09,104.58
2021-02-10,104.76
2021-02-11,104.65
2021-02-12,105.01
2021-02-15,105.3
2021-02-16,105.54
2021-02-17,106.09
2021-02-18,105.67
2021-02-19,105.29
2021-02-22,105.5
2021-02-23,105.39
2021-02-24,105.95
2021-02-25,106.12
2021-02-26,106.29
2021-03-01,106.72
2021-03-02,106.9
2021-03-03,106.91
2021-03-04,107.39
2021-03-05,108.31
2021-03-08,108.63
2021-03-09,108.88
2021-03-10,108.58
2021-03-11,108.46
2021-03-12,109.06
2021-03-15,109.2
2021-03-16,108.9
2021-03-17,109.2
2021-03-18,109.2
2021-03-19,108.94
2021-03-22,108.81
2021-03-23,108.55
2021-03-24,108.75
2021-03-25,109.09
2021-03-26,109.78
2021-03-29,109.63
2021-03-30,110.28
2021-03-31,110.8
2021-04-01,110.7
2021-04-06,110.29
2021-04-07,109.86
2021-04-08,109.25
2021-04-09,109.71
2021-04-12,109.38
2021-04-13,109.47
2021-04-14,108.94
2021-04-15,108.72
2021-04-16,108.77
2021-04-19,108.09
2021-04-20,108.41
2021-04-21,108.1
2021-04-22,108.17
2021-04-23,107.72
2021-04-26,108.02
2021-04-27,108.27
2021-04-28,108.92
2021-04-29,108.99
2021-04-30,108.94
2021-05-03,109.52
2021-05-04,109.19
2021-05-05,109.29
2021-05-06,109.2
2021-05-07,109.26
2021-05-10,108.73
2021-05-11,108.56
2021-05-12,108.78
2021-05-13,109.57
2021-05-14,109.29
2021-05-17,109.2
2021-05-18,108.89
2021-05-19,109.15
2021-05-20,108.95
2021-05-21,108.8
2021-05-24,108.88
2021-05-25,108.85
2021-05-26,108.89
2021-05-27,109.38
2021-05-28,110.07
2021-05-31,109.65
2021-06-01,109.65
2021-06-02,109.73
2021-06-03,109.8
2021-06-04,110.09
2021-06-07,109.34
2021-06-08,109.41
2021-06-09,109.37
2021-06-10,109.54
2021-06-11,109.59
2021-06-14,109.77
2021-06-15,110.08
2021-06-16,109.86
2021-06-17,110.66
2021-06-18,110.2
2021-06-21,110.09
2021-06-22,110.56
2021-06-23,110.82
2021-06-24,110.76
2021-06-25,110.69
2021-06-28,110.94
2021-06-29,110.65
2021-06-30,110.59
2021-07-01,111.43
2021-07-02,111.43
2021-07-05,110.89
2021-07-06,110.65
2021-07-07,110.61
2021-07-08,109.74
2021-07-09,110.02
2021-07-12,110.15
2021-07-13,110.22
2021-07-14,110.31
2021-07-15,110.03
2021-07-16,110.18
2021-07-19,109.6
2021-07-20,109.58
2021-07-21,110.12
2021-07-22,110.26
2021-07-23,110.57
2021-07-26,110.33
2021-07-27,110.06
2021-07-28,110.08
2021-07-29,109.84
2021-07-30,109.65
2021-08-02,109.52
2021-08-03,109.13
2021-08-04,109.02
2021-08-05,109.53
2021-08-06,109.8
2021-08-09,110.11
2021-08-10,110.46
2021-08-11,110.67
2021-08-12,110.41
2021-08-13,110.19
2021-08-16,109.37
2021-08-17,109.26
2021-08-18,109.76
2021-08-19,109.62
2021-08-20,109.65
2021-08-23,110.1
2021-08-24,109.66
2021-08-25,109.92
2021-08-26,110.14
2021-08-27,110.19
2021-08-30,109.87
2021-08-31,109.81
2021-09-01,110.31
2021-09-02,110.0
2021-09-03,109.96
2021-09-06,109.86
2021-09-07,110.04
2021-09-08,110.18
2021-09-09,109.9
2021-09-10,109.81
2021-09-13,110.03
2021-09-14,110.11
2021-09-15,109.19
2021-09-16,109.39
2021-09-17,110.03
2021-09-20,109.45
2021-09-21,109.34
2021-09-22,109.56
2021-09-23,110.01
2021-09-24,110.5
2021-09-27,110.91
2021-09-28,111.47
2021-09-29,111.46
2021-09-30,111.99
2021-10-01,111.18
2021-10-04,111.04
2021-10-05,111.18
2021-10-06,111.35
2021-10-07,111.38
2021-10-08,111.78
2021-10-11,112.93
2021-10-12,113.42
2021-10-13,113.56
2021-10-14,113.47
2021-10-15,114.33
2021-10-18,114.15
2021-10-19,114.22
2021-10-20,114.24
2021-10-21,114.16
2021-10-22,113.87
2021-10-25,113.66
2021-10-26,114.02
2021-10-27,113.63
2021-10-28,113.6
2021-10-29,113.89
2021-11-01,114.17
2021-11-02,113.79
2021-11-03,113.92
2021-11-04,113.9
2021-11-05,113.71
2021-11-08,113.39
2021-11-09,113.07
2021-11-10,113.25
2021-11-11,113.95
2021-11-12,113.99
2021-11-15,113.88
2021-11-16,114.26
2021-11-17,114.69
2021-11-18,114.22
2021-11-19,113.76
2021-11-22,114.11
2021-11-23,114.89
2021-11-24,115.17
2021-11-25,115.31
2021-11-26,114.09
2021-11-29,113.7
2021-11-30,112.82
2021-12-01,113.37
2021-12-02,112.83
2021-12-03,113.34
2021-12-06,113.21
2021-12-07,113.57
2021-12-08,113.79
2021-12-09,113.35
2021-12-10,113.72
2021-12-13,113.66
2021-12-14,113.58
2021-12-15,113.88
2021-12-16,114.12
2021-12-17,113.22
2021-12-20,113.53
2021-12-21,113.71
2021-12-22,114.22
2021-12-23,114.4
2021-12-24,114.39
2021-12-27,114.74
2021-12-28,114.87
2021-12-29,114.99
2021-12-30,115.09
2021-12-31,115.12
2022-01-03,114.98
2022-01-04,116.3
2022-01-05,115.76
2022-01-06,115.82
2022-01-07,115.86
2022-01-10,115.26
2022-01-11,115.52
2022-01-12,115.38
2022-01-13,114.26
2022-01-14,113.72
2022-01-17,114.57
2022-01-18,114.71
2022-01-19,114.46
2022-01-20,114.24
2022-01-21,113.8
2022-01-24,113.78
2022-01-25,114.03
2022-01-26,114.27
2022-01-27,115.36
2022-01-28,115.53
2022-01-31,115.44
2022-02-01,114.67
2022-02-02,114.25
2022-02-03,114.86
2022-02-04,114.9
2022-02-07,114.96
2022-02-08,115.43
2022-02-09,115.47
2022-02-10,115.76
2022-02-11,115.83
2022-02-14,115.41
2022-02-15,115.63
2022-02-16,115.69
2022-02-17,115.07
2022-02-18,115.02
2022-02-21,114.84
2022-02-22,115.09
2022-02-23,115.11
2022-02-24,114.92
2022-02-25,115.58
2022-02-28,115.47
2022-03-01,114.81
2022-03-02,115.33
2022-03-03,115.73
2022-03-04,115.45
2022-03-07,115.24
2022-03-08,115.71
2022-03-09,115.81
2022-03-10,115.97
2022-03-11,116.89
2022-03-14,117.97
2022-03-15,117.98
2022-03-16,118.29
2022-03-17,118.79
2022-03-18,119.37
2022-03-21,119.2
2022-03-22,120.61
2022-03-23,120.76
2022-03-24,121.8
2022-03-25,121.86
2022-03-28,123.96
2022-03-29,123.28
2022-03-30,121.76
2022-03-31,121.76
2022-04-01,122.47
2022-04-04,122.74
2022-04-05,122.86
2022-04-06,123.87
2022-04-07,123.96
2022-04-08,124.18
2022-04-11,125.7
2022-04-12,125.49
2022-04-13,125.86
2022-04-14,125.32
2022-04-19,128.11
2022-04-20,127.91
2022-04-21,128.24
2022-04-22,128.34
2022-04-25,128.17
2022-04-26,127.55
2022-04-27,128.1
2022-04-28,130.79
2022-04-29,129.99
2022-05-02,129.83
2022-05-03,129.84
2022-05-04,129.94
2022-05-05,129.81
2022-05-06,130.46
2022-05-09,130.79
2022-05-10,130.17
2022-05-11,129.89
2022-05-12,128.6
2022-05-13,128.95
2022-05-16,129.54
2022-05-17,129.32
2022-05-18,129.01
2022-05-19,127.75
2022-05-20,127.96
2022-05-23,127.64
2022-05-24,127.32
2022-05-25,127.01
2022-05-26,127.09
2022-05-27,126.89
2022-05-30,127.51
2022-05-31,128.22
2022-06-01,129.46
2022-06-02,129.74
2022-06-03,130.09
2022-06-06,130.67
2022-06-07,132.86
2022-06-08,134.02
2022-06-09,133.98
2022-06-10,133.95
2022-06-13,134.4
2022-06-14,134.54
2022-06-15,134.69
2022-06-16,132.92
2022-06-17,134.67
2022-06-20,134.96
2022-06-21,136.26
2022-06-22,136.02
2022-06-23,135.43
2022-06-24,135.11
2022-06-27,135.5
2022-06-28,136.04
2022-06-29,136.47
2022-06-30,136.27
2022-07-01,135.3
2022-07-04,135.35
2022-07-05,135.83
2022-07-06,135.31
2022-07-07,135.67
2022-07-08,135.84
2022-07-11,137.42
2022-07-12,136.74
2022-07-13,137.1
2022-07-14,138.97
2022-07-15,138.67
2022-07-18,138.35
2022-07-19,137.64
2022-07-20,138.17
2022-07-21,138.7
2022-07-22,136.91
2022-07-25,136.62
2022-07-26,136.66
2022-07-27,136.81
2022-07-28,135.61
2022-07-29,133.77
2022-08-01,132.3
2022-08-02,130.97
2022-08-03,133.59
2022-08-04,133.4
2022-08-05,133.12
2022-08-08,134.93
2022-08-09,135.1
2022-08-10,134.76
2022-08-11,132.1
2022-08-12,133.66
2022-08-15,133.02
2022-08-16,134.35
2022-08-17,135.14
2022-08-18,134.77
2022-08-19,136.93
2022-08-22,137.07
2022-08-23,137.34
2022-08-24,136.64
2022-08-25,136.48
2022-08-26,136.92
2022-08-29,138.68
2022-08-30,138.24
2022-08-31,138.72
2022-09-01,139.28
2022-09-02,140.46
2022-09-05,140.59
2022-09-06,141.93
2022-09-07,144.87
2022-09-08,143.52
2022-09-09,142.6
2022-09-12,142.28
2022-09-13,142.01
2022-09-14,143.22
2022-09-15,143.54
2022-09-16,143.19
2022-09-19,143.56
2022-09-20,143.54
2022-09-21,144.01
2022-09-22,140.81
2022-09-23,142.95
2022-09-26,144.17
2022-09-27,144.42
2022-09-28,144.68
2022-09-29,144.71
2022-09-30,144.66
2022-10-03,144.91
2022-10-04,144.88
2022-10-05,144.41
2022-10-06,144.71
2022-10-07,144.86
2022-10-10,145.57
2022-10-11,145.57
2022-10-12,146.65
2022-10-13,146.77
2022-10-14,147.81
2022-10-17,148.89
2022-10-18,149.11
2022-10-19,149.66
2022-10-20,149.82
2022-10-21,151.69
2022-10-24,148.98
2022-10-25,148.91
2022-10-26,146.98
2022-10-27,146.83
2022-10-28,147.51
2022-10-31,148.68
2022-11-01,147.13
2022-11-02,147.1
2022-11-03,148.24
2022-11-04,147.07
2022-11-07,146.28
2022-11-08,146.31
2022-11-09,146.25
2022-11-10,146.14
2022-11-11,139.59
2022-11-14,140.38
2022-11-15,139.22
2022-11-16,139.54
2022-11-17,140.32
2022-11-18,140.0
2022-11-21,141.84
2022-11-22,141.33
2022-11-23,141.16
2022-11-24,138.19
2022-11-25,139.39
2022-11-28,138.49
2022-11-29,138.3
2022-11-30,139.05
2022-12-01,136.29
2022-12-02,134.11
2022-12-05,135.14
2022-12-06,136.3
2022-12-07,137.18
2022-12-08,136.66
2022-12-09,135.71
2022-12-12,137.15
2022-12-13,137.36
2022-12-14,134.92
2022-12-15,136.59
2022-12-16,137.05
2022-12-19,136.49
2022-12-20,132.64
2022-12-21,131.9
2022-12-22,132.06
2022-12-23,132.61
2022-12-27,133.36
2022-12-28,133.66
2022-12-29,133.57
2022-12-30,131.88
2023-01-02,130.69
2023-01-03,130.8
2023-01-04,130.9
2023-01-05,132.96
2023-01-06,134.57
2023-01-09,132.15
2023-01-10,132.35
2023-01-11,132.7
2023-01-12,130.53
2023-01-13,128.56
2023-01-16,128.49
2023-01-17,128.65
2023-01-18,128.97
2023-01-19,128.54
2023-01-20,130.11
2023-01-23,130.3
2023-01-24,130.29
2023-01-25,129.78
2023-01-26,129.77
2023-01-27,129.87
2023-01-30,130.05
2023-01-31,130.41
2023-02-01,129.77
2023-02-02,128.43
2023-02-03,128.42
2023-02-06,132.15
2023-02-07,132.06
2023-02-08,131.17
2023-02-09,130.72
2023-02-10,130.85
2023-02-13,132.56
2023-02-14,132.11
2023-02-15,133.69
2023-02-16,133.93
2023-02-17,134.76
2023-02-20,134.05
2023-02-21,134.81
2023-02-22,134.57
2023-02-23,135.0
2023-02-24,135.81
2023-02-27,136.33
2023-02-28,136.76
2023-03-01,135.55
2023-03-02,136.79
2023-03-03,136.18
2023-03-06,135.86
2023-03-07,136.16
2023-03-08,137.22
2023-03-09,136.27
2023-03-10,136.69
2023-03-13,132.6
2023-03-14,134.2
2023-03-15,132.25
2023-03-16,132.31
2023-03-17,132.33
2023-03-20,131.35
2023-03-21,132.36
2023-03-22,132.71
2023-03-23,131.33
2023-03-24,130.15
2023-03-27,131.48
2023-03-28,130.7
2023-03-29,132.37
2023-03-30,132.67
2023-03-31,133.18
2023-04-03,132.94
2023-04-04,132.96
2023-04-05,131.39
2023-04-06,131.46
2023-04-11,133.22
2023-04-12,133.76
2023-04-13,133.28
2023-04-14,132.59
2023-04-17,133.84
2023-04-18,133.88
2023-04-19,134.67
2023-04-20,134.74
2023-04-21,133.83
2023-04-24,134.68
2023-04-25,134.2
2023-04-26,133.77
2023-04-27,133.27
2023-04-28,136.01
2023-05-02,137.44
2023-05-03,135.52
2023-05-04,134.48
2023-05-05,134.19
2023-05-08,135.14
2023-05-09,135.02
2023-05-10,135.32
2023-05-11,134.07
2023-05-12,134.98
2023-05-15,136.22
2023-05-16,135.92
2023-05-17,136.96
2023-05-18,137.87
2023-05-19,138.37
2023-05-22,138.27
2023-05-23,138.42
2023-05-24,138.43
2023-05-25,139.39
2023-05-26,139.75
2023-05-29,140.26
2023-05-30,139.62
2023-05-31,139.6
2023-06-01,139.53
2023-06-02,138.86
2023-06-05,140.28
2023-06-06,139.56
2023-06-07,139.42
2023-06-08,139.69
2023-06-09,139.37
2023-06-12,139.37
2023-06-13,139.55
2023-06-14,139.89
2023-06-15,141.29
2023-06-16,141.03
2023-06-19,141.86
2023-06-20,141.32
2023-06-21,141.8
2023-06-22,142.06
2023-06-23,143.18
2023-06-26,143.26
2023-06-27,143.49
2023-06-28,144.29
2023-06-29,144.21
2023-06-30,144.63
2023-07-03,144.79
2023-07-04,144.41
2023-07-05,144.55
2023-07-06,143.66
2023-07-07,143.29
2023-07-10,142.14
2023-07-11,140.39
2023-07-12,139.58
2023-07-13,138.47
2023-07-14,138.59
2023-07-17,138.36
2023-07-18,138.07
2023-07-19,139.69
2023-07-20,139.64
2023-07-21,141.72
2023-07-24,141.01
2023-07-25,141.33
2023-07-26,140.43
2023-07-27,140.18
2023-07-28,139.28
2023-07-31,142.18
2023-08-01,142.98
2023-08-02,142.81
2023-08-03,142.92
2023-08-04,142.62
2023-08-07,142.22
2023-08-08,143.05
2023-08-09,143.46
2023-08-10,143.78
2023-08-11,144.47
2023-08-14,145.18
2023-08-15,145.56
2023-08-16,145.72
2023-08-17,145.76
2023-08-18,145.5
2023-08-21,145.9
2023-08-22,145.77
2023-08-23,145.56
2023-08-24,145.72
2023-08-25,145.96
2023-08-28,146.51
2023-08-29,147.12
2023-08-30,146.2
2023-08-31,145.83
2023-09-01,145.21
2023-09-04,146.38
2023-09-05,147.42
2023-09-06,147.21
2023-09-07,147.25
2023-09-08,147.46
2023-09-11,146.55
2023-09-12,146.94
2023-09-13,147.47
2023-09-14,147.37
2023-09-15,147.78
2023-09-18,147.65
2023-09-19,147.67
2023-09-20,147.9
2023-09-21,147.95
2023-09-22,148.28
2023-09-25,148.67
2023-09-26,148.86
2023-09-27,149.2
2023-09-28,149.28
2023-09-29,149.24
2023-10-02,149.73
2023-10-03,149.98
2023-10-04,149.07
2023-10-05,148.88
2023-10-06,149.08
2023-10-09,149.14
2023-10-10,149.04
2023-10-11,148.88
2023-10-12,149.12
2023-10-13,149.6
2023-10-16,149.5
2023-10-17,149.52
2023-10-18,149.65
2023-10-19,149.85
2023-10-20,149.94
2023-10-23,149.96
2023-10-24,149.79
2023-10-25,149.91
2023-10-26,150.36
2023-10-27,149.97
2023-10-30,149.74
2023-10-31,150.96
2023-11-01,151.21
2023-11-02,149.98
2023-11-03,149.38
2023-11-06,149.77
2023-11-07,150.45
2023-11-08,150.85
2023-11-09,151.13
2023-11-10,151.43
2023-11-13,151.79
2023-11-14,151.69
2023-11-15,150.34
2023-11-16,151.21
2023-11-17,149.27
2023-11-20,148.35
2023-11-21,147.52
2023-11-22,148.7
2023-11-23,149.52
2023-11-24,149.6
2023-11-27,148.72
2023-11-28,148.63
2023-11-29,147.58
2023-11-30,147.46
2023-12-01,148.17
2023-12-04,146.73
2023-12-05,147.11
2023-12-06,147.24
2023-12-07,145.0
2023-12-08,144.32
2023-12-11,146.45
2023-12-12,145.17
2023-12-13,145.67
2023-12-14,141.77
2023-12-15,141.74
2023-12-18,142.84
2023-12-19,144.32
2023-12-20,143.57
2023-12-21,142.76
2023-12-22,142.12
2023-12-27,142.62
2023-12-28,140.88
2023-12-29,141.48
2024-01-02,142.1
2024-01-03,143.02
2024-01-04,144.17
2024-01-05,145.2
2024-01-08,144.52
2024-01-09,144.09
2024-01-10,145.29
2024-01-11,145.36
2024-01-12,145.47
2024-01-15,145.88
2024-01-16,146.7
2024-01-17,147.7
2024-01-18,147.94
2024-01-19,148.04
2024-01-22,147.8
2024-01-23,147.98
2024-01-24,147.14
2024-01-25,147.63
2024-01-26,147.75
2024-01-29,147.95
2024-01-30,147.49
2024-01-31,147.82
2024-02-01,146.99
2024-02-02,146.63
2024-02-05,148.63
2024-02-06,148.52
2024-02-07,148.21
2024-02-08,149.24
2024-02-09,149.46
2024-02-12,148.99
2024-02-13,149.33
2024-02-14,150.55
2024-02-15,150.11
2024-02-16,150.33
2024-02-19,149.95
2024-02-20,150.14
2024-02-21,149.99
2024-02-22,150.42
2024-02-23,150.37
2024-02-26,150.55
2024-02-27,150.18
2024-02-28,150.69
2024-02-29,150.13
2024-03-01,150.58
2024-03-04,150.49
2024-03-05,150.25
2024-03-06,149.6
2024-03-07,147.86
2024-03-08,147.26
2024-03-11,146.83
2024-03-12,147.85
2024-03-13,147.94
2024-03-14,148.01
2024-03-15,148.76
2024-03-18,149.2
2024-03-19,150.52
2024-03-20,151.73
2024-03-21,151.24
2024-03-22,151.29
2024-03-25,151.16
2024-03-26,151.45
2024-03-27,151.18
2024-03-28,151.19
2024-04-02,151.65
2024-04-03,151.78
2024-04-04,151.76
2024-04-05,151.37
2024-04-08,151.93
2024-04-09,151.81
2024-04-10,151.83
2024-04-11,153.02
2024-04-12,153.17
2024-04-15,153.95
2024-04-16,154.69
2024-04-17,154.67
2024-04-18,154.34
2024-04-19,154.59
2024-04-22,154.73
2024-04-23,154.8
2024-04-24,154.94
2024-04-25,155.56
2024-04-26,156.83
2024-04-29,156.28
2024-04-30,157.0
2024-05-02,154.82
2024-05-03,153.22
2024-05-06,153.77
2024-05-07,154.61
2024-05-08,155.59
2024-05-09,155.91
2024-05-10,155.74
2024-05-13,155.86
2024-05-14,156.44
2024-05-15,155.49
2024-05-16,154.91
2024-05-17,155.81
2024-05-20,155.83
2024-05-21,156.35
2024-05-22,156.55
2024-05-23,156.53
2024-05-24,157.08
2024-05-27,156.85
2024-05-28,156.72
2024-05-29,157.26
2024-05-30,156.73
2024-05-31,157.13
2024-06-03,156.88
2024-06-04,154.89
2024-06-05,156.11
2024-06-06,156.23
2024-06-07,155.55
2024-06-10,156.88
2024-06-11,157.0
2024-06-12,157.32
2024-06-13,157.25
2024-06-14,157.03
2024-06-17,157.87
2024-06-18,158.11
2024-06-19,157.95
2024-06-20,158.43
2024-06-21,158.89
2024-06-24,159.52
2024-06-25,159.45
2024-06-26,160.37
2024-06-27,160.49
2024-06-28,160.62
2024-07-01,161.14
2024-07-02,161.53
2024-07-03,161.91
2024-07-04,160.96
2024-07-05,160.81
2024-07-08,160.93
2024-07-09,161.09
2024-07-10,161.47
2024-07-11,161.58
2024-07-12,158.74
2024-07-15,158.01
2024-07-16,158.37
2024-07-17,156.58
2024-07-18,156.47
2024-07-19,157.58
2024-07-22,156.87
2024-07-23,156.21
2024-07-24,154.16
2024-07-25,152.63
2024-07-26,154.55
2024-07-29,153.87
2024-07-30,154.85
2024-07-31,150.31
2024-08-01,150.76
2024-08-02,148.93
2024-08-05,142.24
2024-08-06,145.02
2024-08-07,147.06
2024-08-08,146.15
2024-08-09,146.86
2024-08-12,147.6
2024-08-13,147.44
2024-08-14,147.0
2024-08-15,147.25
2024-08-16,148.01
2024-08-19,146.02
2024-08-20,146.32
2024-08-21,145.97
2024-08-22,146.06
2024-08-23,146.0
2024-08-26,144.17
2024-08-27,144.45
2024-08-28,144.44
2024-08-29,144.62
2024-08-30,145.39
2024-09-02,146.97
2024-09-03,146.14
2024-09-04,145.03
2024-09-05,143.46
2024-09-06,143.14
2024-09-09,143.56
2024-09-10,143.06
2024-09-11,141.81
2024-09-12,142.54
2024-09-13,140.93
2024-09-16,139.91
2024-09-17,140.69
2024-09-18,141.98
2024-09-19,143.0
2024-09-20,144.26
2024-09-23,143.52
2024-09-24,143.84
2024-09-25,144.26
2024-09-26,144.13
2024-09-27,143.06
2024-09-30,142.75
2024-10-01,143.76
2024-10-02,144.76
2024-10-03,146.73
2024-10-04,146.6
2024-10-07,148.09
2024-10-08,147.96
2024-10-09,148.74
2024-10-10,148.97
2024-10-11,148.97
2024-10-14,149.69
2024-10-15,149.36
2024-10-16,149.19
2024-10-17,149.55
2024-10-18,150.04
2024-10-21,150.0
2024-10-22,150.84
2024-10-23,152.93
2024-10-24,151.95
2024-10-25,151.92
2024-10-28,152.69
2024-10-29,153.76
2024-10-30,153.41
2024-10-31,152.82
2024-11-01,152.08
2024-11-04,151.75
2024-11-05,152.27
2024-11-06,154.32
2024-11-07,153.65
2024-11-08,152.41
2024-11-11,153.81
2024-11-12,154.2
2024-11-13,154.96
2024-11-14,155.93
2024-11-15,155.31
2024-11-18,155.17
2024-11-19,153.82
2024-11-20,155.67
2024-11-21,154.41
2024-11-22,154.48
2024-11-25,154.02
2024-11-26,153.14
2024-11-27,151.6
2024-11-28,151.67
2024-11-29,150.2
2024-12-02,150.13
2024-12-03,149.64
2024-12-04,151.15
2024-12-05,150.4
2024-12-06,150.51
2024-12-09,150.83
2024-12-10,151.74
2024-12-11,152.61
2024-12-12,152.13
2024-12-13,153.5
2024-12-16,154.06
2024-12-17,153.98
2024-12-18,153.89
2024-12-19,156.87
2024-12-20,156.78
2024-12-23,157.18
2024-12-24,157.05
2024-12-27,157.79
2024-12-30,157.57
2024-12-31,156.95
2025-01-02,157.0
2025-01-03,157.07
2025-01-06,156.58
2025-01-07,157.66
2025-01-08,158.41
2025-01-09,157.75
2025-01-10,158.06
2025-01-13,157.11
2025-01-14,157.76
2025-01-15,157.04
2025-01-16,156.21
2025-01-17,155.59
2025-01-20,156.42
2025-01-21,155.7
2025-01-22,155.82
2025-01-23,156.27
2025-01-24,156.51
2025-01-27,154.05
2025-01-28,155.32
2025-01-29,155.35
2025-01-30,154.11
2025-01-31,154.9
2025-02-03,154.63
2025-02-04,155.32
2025-02-05,152.8
2025-02-06,152.46
2025-02-07,152.04
2025-02-10,152.05
2025-02-11,152.34
2025-02-12,153.54
2025-02-13,153.79
2025-02-14,152.79
2025-02-17,151.5
2025-02-18,151.77
2025-02-19,151.82
2025-02-20,149.96
2025-02-21,150.46
2025-02-24,149.83
2025-02-25,149.75
2025-02-26,149.42
2025-02-27,149.59
2025-02-28,150.76
2025-03-03,151.29
2025-03-04,148.24
2025-03-05,149.7
2025-03-06,147.5
2025-03-07,147.69
2025-03-10,146.97
2025-03-11,148.02
2025-03-12,149.03
2025-03-13,148.33
2025-03-14,148.66
2025-03-17,148.82
2025-03-18,149.75
2025-03-19,149.83
2025-03-20,148.48
2025-03-21,148.69
2025-03-24,149.81
2025-03-25,149.95
2025-03-26,150.35
2025-03-27,150.72
2025-03-28,150.63
2025-03-31,149.42
2025-04-01,149.18
2025-04-02,149.24
2025-04-03,146.14
2025-04-04,145.21
2025-04-07,146.42
2025-04-08,146.71
2025-04-09,144.51
2025-04-10,145.53
2025-04-11,142.84
2025-04-14,143.25
2025-04-15,142.93
2025-04-16,142.75
2025-04-17,142.59
2025-04-22,140.34
2025-04-23,141.64
2025-04-24,142.55
2025-04-25,143.35
2025-04-28,143.34
2025-04-29,142.69
2025-04-30,143.04
2025-05-02,144.52
2025-05-05,143.87
2025-05-06,142.73
2025-05-07,143.39
2025-05-08,144.68
2025-05-09,145.18
2025-05-12,148.08
2025-05-13,148.14
2025-05-14,146.25
2025-05-15,146.0
2025-05-16,145.66
2025-05-19,144.97
2025-05-20,144.64
2025-05-21,143.77
2025-05-22,143.42
2025-05-23,142.58
2025-05-26,142.9
2025-05-27,144.17
2025-05-28,144.41
2025-05-29,144.91
2025-05-30,143.72
2025-06-02,142.73
2025-06-03,143.16
2025-06-04,144.19
2025-06-05,143.27
2025-06-06,144.26
2025-06-09,144.5
2025-06-10,144.57
2025-06-11,145.34
2025-06-12,143.73
2025-06-13,144.15
2025-06-16,144.19
2025-06-17,144.67
2025-06-18,144.83
2025-06-19,145.67
2025-06-20,145.61
2025-06-23,147.55
2025-06-24,144.97
2025-06-25,145.78
2025-06-26,144.44
2025-06-27,144.6
2025-06-30,144.34
2025-07-01,142.85
2025-07-02,144.15
2025-07-03,143.93
2025-07-04,144.4
2025-07-07,145.56
2025-07-08,146.53
2025-07-09,146.72
2025-07-10,146.32
2025-07-11,147.06
2025-07-14,147.37
2025-07-15,147.95
2025-07-16,148.73
2025-07-17,148.79
2025-07-18,148.45
2025-07-21,147.44
2025-07-22,147.17
2025-07-23,146.28
2025-07-24,146.5
2025-07-25,147.65
2025-07-28,148.15
2025-07-29,148.77
2025-07-30,148.31
2025-07-31,149.85
2025-08-01,150.48
2025-08-04,147.38
2025-08-05,147.6
2025-08-06,147.55
2025-08-07,147.38
2025-08-08,147.82
2025-08-11,147.87
2025-08-12,148.46
2025-08-13,147.27
2025-08-14,146.54
2025-08-15,147.0
2025-08-18,147.58
2025-08-19,147.81
2025-08-20,147.43
2025-08-21,147.86
2025-08-22,148.69
2025-08-25,147.35
2025-08-26,147.37
2025-08-27,148.05
2025-08-28,146.87
2025-08-29,147.3
2025-09-01,147.22
2025-09-02,148.63
2025-09-03,148.61
2025-09-04,148.33
2025-09-05,147.98
2025-09-08,147.84
2025-09-09,146.76
2025-09-10,147.49
2025-09-11,147.95
2025-09-12,147.92
2025-09-15,147.36
2025-09-16,146.99
2025-09-17,146.39
2025-09-18,147.44
2025-09-19,148.08
2025-09-22,147.84
2025-09-23,147.8
2025-09-24,148.44
2025-09-25,148.82
2025-09-26,149.75
2025-09-29,148.75
2025-09-30,147.99
2025-10-01,147.11
2025-10-02,146.78
2025-10-03,147.35
2025-10-06,150.04
2025-10-07,150.91
2025-10-08,152.69
2025-10-09,152.79
2025-10-10,152.54
2025-10-13,152.11
2025-10-14,152.1
2025-10-15,151.55
2025-10-16,151.28
2025-10-17,150.42
2025-10-20,150.76
2025-10-21,152.02
2025-10-22,151.83
2025-10-23,152.63
2025-10-24,152.9
2025-10-27,152.86
2025-10-28,152.29
2025-10-29,152.17
2025-10-30,154.43
2025-10-31,154.18
2025-11-03,154.22
2025-11-04,153.5
2025-11-05,153.73
2025-11-06,153.6
2025-11-07,153.09
2025-11-10,154.1
2025-11-11,154.18
2025-11-12,154.79
2025-11-13,154.55
2025-11-14,153.86
2025-11-17,154.9
2025-11-18,155.25
2025-11-19,156.13
2025-11-20,157.61
2025-11-21,156.74
2025-11-24,156.98
2025-11-25,156.19
2025-11-26,156.42
2025-11-27,156.32
2025-11-28,156.12
2025-12-01,154.8
2025-12-02,156.07
2025-12-03,155.37
2025-12-04,154.77
2025-12-05,155.23
2025-12-08,155.55
2025-12-09,156.36
2025-12-10,156.71
2025-12-11,155.58
2025-12-12,155.99
2025-12-15,155.13
2025-12-16,154.61
2025-12-17,155.59
2025-12-18,155.77
2025-12-19,157.23
2025-12-22,157.32
2025-12-23,156.02
2025-12-24,155.96
2025-12-29,156.36
2025-12-30,156.06
2025-12-31,156.67
2026-01-02,156.93
2026-01-05,156.83
2026-01-06,156.44
2026-01-07,156.55
2026-01-08,156.72
2026-01-09,157.64
2026-01-12,157.73
2026-01-13,158.85
2026-01-14,158.63
2026-01-15,158.56
2026-01-16,158.1
2026-01-19,157.93
2026-01-20,157.9
2026-01-21,157.79
2026-01-22,158.79
2026-01-23,158.16
2026-01-26,154.21
2026-01-27,153.34
2026-01-28,152.63
2026-01-29,153.31
2026-01-30,154.03
2026-02-02,155.06
2026-02-03,155.85
2026-02-04,156.64
2026-02-05,156.9
2026-02-06,157.09
2026-02-09,156.19
2026-02-10,155.13
2026-02-11,153.61
2026-02-12,153.71
2026-02-13,153.29
2026-02-16,153.34
2026-02-17,153.1
2026-02-18,153.64
2026-02-19,154.9
2026-02-20,155.21
2026-02-23,154.82
2026-02-24,155.84
2026-02-25,156.74
2026-02-26,156.06
2026-02-27,155.98
2026-03-02,157.45
2026-03-03,157.66
2026-03-04,157.11
2026-03-05,157.54
2026-03-06,157.92
2026-03-09,158.5
2026-03-10,157.78
2026-03-11,158.56
2026-03-12,158.86
2026-03-13,159.33
2026-03-16,159.14
2026-03-17,158.95
2026-03-18,159.56
2026-03-19,158.81
2026-03-20,158.77
2026-03-23,158.55
2026-03-24,158.93
2026-03-25,158.96
2026-03-26,159.62
2026-03-27,159.9
2026-03-30,159.46
2026-03-31,159.5
2026-04-01,158.32
2026-04-02,159.6
2026-04-07,159.84
2026-04-08,158.15
2026-04-09,158.92
2026-04-10,159.19
2026-04-13,159.83
2026-04-14,158.85
2026-04-15,159.09
2026-04-16,158.98
2026-04-17,159.13
2026-04-20,158.91
2026-04-21,159.04
2026-04-22,159.22
2026-04-23,159.48
2026-04-24,159.42
2026-04-27,159.21
2026-04-28,159.74
2026-04-29,159.79
2026-04-30,156.56
2026-05-04,157.12
2026-05-05,157.81
2026-05-06,156.21
2026-05-07,156.39
2026-05-08,156.76
2026-05-11,157.14
2026-05-12,157.59
2026-05-13,157.77
2026-05-14,157.95
2026-05-15,158.55
2026-05-18,158.77
2026-05-19,159.11
2026-05-20,159.03
2026-05-21,159.14
2026-05-22,159.15
2026-05-25,158.93
2026-05-26,159.21
2026-05-27,159.42
2026-05-28,159.46
2026-05-29,159.27
2026-06-01,159.49
2026-06-02,159.75
2026-06-03,159.86
2026-06-04,159.8
2026-06-05,159.86
2026-06-08,159.97
2026-06-09,160.16
2026-06-10,160.49
2026-06-11,160.54
2026-06-12,160.2
2026-06-15,160.19
2026-06-16,160.38
2026-06-17,160.31
2026-06-18,160.93
2026-06-19,161.23
2026-06-22,161.78
2026-06-23,161.53
2026-06-24,161.68
2026-06-25,161.85
2026-06-26,161.65
2026-06-29,161.86
2026-06-30,162.44
2026-07-01,162.71
2026-07-02,161.58
2026-07-03,161.15
2026-07-06,162.34
2026-07-07,161.89
2026-07-08,162.49
2026-07-09,162.41
2026-07-10,161.87
2026-07-13,162.14
2026-07-14,162.22
2026-07-15,162.39
2026-07-16,162.2
2026-07-17,162.35
2026-07-20,162.38
2026-07-21,162.74
2026-07-22,163.07
2026-07-23,163.47
2026-07-24,163.82
2026-07-27,163.64
2026-07-28,163.91
2026-07-29,163.68
2026-07-30,162.94
2026-07-31,160.24
2026-08-03,156.68
2026-08-04,157.41
2026-08-05,157.59
2026-08-06,157.83
2026-08-07,158.34
2026-08-10,158.64
2026-08-11,159.2
2026-08-12,159.09
2026-08-13,159.33
2026-08-14,159.01
2026-08-17,159.23
2026-08-18,159.7
2026-08-19,159.09
2026-08-20,158.76
2026-08-21,158.7
2026-08-24,159.12
2026-08-25,159.24
2026-08-26,159.07
2026-08-27,159.39
2026-08-28,159.68
2026-08-31,159.73
2026-09-01,160.16
2026-09-02,159.6
2026-09-03,156.01
2026-09-04,156.25
2026-09-07,154.75
2026-09-08,154.3
2026-09-09,153.27
2026-09-10,154.18
